Workbook

Sheet Empresas Inadimplentes
A2: Indicador Serasa Experian de Inadimplência das Empresas
A3: Mês | B3: Empresas Inadimplentes (milhões) | C3: Dívidas Negativadas (milhões) | D3: Dívidas Negativadas (R$ bilhões) | E3: Dívida Média (por CNPJ) | F3: Dívida Média (R$) | G3: Ticket Médio (R$)
A4: 45292 | B4: 6.664598 | C4: 47.241986 | D4: 127.79893 | E4: =C4/B4 -> 7.0884975 | F4: =1000*D4/B4 -> 19175.789 | G4: =F4/E4 -> 2705.198
A5: 45323 | B5: 6.647361 | C5: 47.362865 | D5: 130.03723 | E5: =C5/B5 -> 7.1250629 | F5: =1000*D5/B5 -> 19562.234 | G5: =F5/E5 -> 2745.5524
A6: 45352 | B6: 6.671568 | C6: 48.103889 | D6: 134.00421 | E6: =C6/B6 -> 7.2102824 | F6: =1000*D6/B6 -> 20085.865 | G6: =F6/E6 -> 2785.7252
A7: 45383 | B7: 6.738891 | C7: 48.782654 | D7: 138.22259 | E7: =C7/B7 -> 7.2389736 | F7: =1000*D7/B7 -> 20511.177 | G7: =F7/E7 -> 2833.4372
A8: 45413 | B8: 6.866723 | C8: 49.755541 | D8: 143.87668 | E8: =C8/B8 -> 7.2458931 | F8: =1000*D8/B8 -> 20952.742 | G8: =F8/E8 -> 2891.6715
A9: 45444 | B9: 6.914462 | C9: 49.967276 | D9: 146.24886 | E9: =C9/B9 -> 7.2264879 | F9: =1000*D9/B9 -> 21151.155 | G9: =F9/E9 -> 2926.8927
A10: 45474 | B10: 6.900429 | C10: 49.890072 | D10: 147.14698 | E10: =C10/B10 -> 7.2299957 | F10: =1000*D10/B10 -> 21324.323 | G10: =F10/E10 -> 2949.4241
A11: 45505 | B11: 6.875258 | C11: 50.087444 | D11: 149.12995 | E11: =C11/B11 -> 7.285173 | F11: =1000*D11/B11 -> 21690.815 | G11: =F11/E11 -> 2977.3918
A12: 45536 | B12: 6.907592 | C12: 50.592664 | D12: 151.90167 | E12: =C12/B12 -> 7.3242114 | F12: =1000*D12/B12 -> 21990.539 | G12: =F12/E12 -> 3002.4447
A13: 45566 | B13: 6.965474 | C13: 51.33853 | D13: 156.1466 | E13: =C13/B13 -> 7.3704288 | F13: =1000*D13/B13 -> 22417.225 | G13: =F13/E13 -> 3041.5089
A14: 45597 | B14: 6.959131 | C14: 50.42147 | D14: 153.35608 | E14: =C14/B14 -> 7.2453687 | F14: =1000*D14/B14 -> 22036.671 | G14: =F14/E14 -> 3041.4838
A15: 45627 | B15: 6.948754 | C15: 50.175794 | D15: 150.63588 | E15: =C15/B15 -> 7.2208333 | F15: =1000*D15/B15 -> 21678.113 | G15: =F15/E15 -> 3002.1623
... A22: 45839 | B22: 7.998788 | C22: 58.573977 | D22: 193.4284 | E22: =C22/B22 -> 7.3228565 | F22: =1000*D22/B22 -> 24182.213 | G22: =F22/E22 -> 3302.2923
A23: 45870 | B23: 8.113622 | C23: 59.850641 | D23: 199.84863 | E23: =IFERROR(C23/B23,"") -> 7.3765626 | F23: =IFERROR(1000*D23/B23,"") -> 24631.248 | G23: =IFERROR(F23/E23,"") -> 3339.1227
A24: 45901 | B24: 8.379799 | C24: 60.558393 | D24: 201.73968 | E24: =IFERROR(C24/B24,"") -> 7.2267119 | F24: =IFERROR(1000*D24/B24,"") -> 24074.525 | G24: =IFERROR(F24/E24,"") -> 3331.3249
A25: 45931 | B25: 8.657024 | C25: 61.513324 | D25: 204.81428 | E25: =IFERROR(C25/B25,"") -> 7.105597 | F25: =IFERROR(1000*D25/B25,"") -> 23658.74 | G25: =IFERROR(F25/E25,"") -> 3329.5922
A26: 45962 | B26: 8.861181 | C26: 62.455932 | D26: 210.81469 | E26: =IFERROR(C26/B26,"") -> 7.0482628 | F26: =IFERROR(1000*D26/B26,"") -> 23790.812 | G26: =IFERROR(F26/E26,"") -> 3375.415
A27: 45992 | B27: 8.941279 | C27: 62.989977 | D27: 212.96568 | E27: =IFERROR(C27/B27,"") -> 7.0448509 | F27: =IFERROR(1000*D27/B27,"") -> 23818.257 | G27: =IFERROR(F27/E27,"") -> 3380.9456
A28: 46023 | B28: 8.719238 | C28: 60.115683 | D28: 201.74918 | E28: =IFERROR(C28/B28,"") -> 6.8946028 | F28: =IFERROR(1000*D28/B28,"") -> 23138.396 | G28: =IFERROR(F28/E28,"") -> 3356.0158
A29: 46054 | B29: 8.81191 | C29: 60.697113 | D29: 204.58126 | E29: =IFERROR(C29/B29,"") -> 6.8880768 | F29: =IFERROR(1000*D29/B29,"") -> 23216.449 | G29: =IFERROR(F29/E29,"") -> 3370.527
A30: 46082 | B30: 8.870845 | C30: 62.031575 | D30: 212.83795 | E30: =IFERROR(C30/B30,"") -> 6.992747 | F30: =IFERROR(1000*D30/B30,"") -> 23992.973 | G30: =IFERROR(F30/E30,"") -> 3431.1228
A31: 46113 | B31: 8.957247 | C31: 63.689682 | D31: 220.93865 | E31: =IFERROR(C31/B31,"") -> 7.1104081 | F31: =IFERROR(1000*D31/B31,"") -> 24665.91 | G31: =IFERROR(F31/E31,"") -> 3468.9865
A32: 46143 | B32: 9.01603 | C32: 65.382979 | D32: 229.85536 | E32: =IFERROR(C32/B32,"") -> 7.2518591 | F32: =IFERROR(1000*D32/B32,"") -> 25494.077 | G32: =IFERROR(F32/E32,"") -> 3515.5229
A33: 46174 | B33: 9.130291 | C33: 66.245555 | D33: 232.90419 | E33: =IFERROR(C33/B33,"") -> 7.2555798 | F33: =IFERROR(1000*D33/B33,"") -> 25508.956 | G33: =IFERROR(F33/E33,"") -> 3515.7709
A34: 46204 | B34: 9.183684 | C34: 67.188903 | D34: 238.62775 | E34: =IFERROR(C34/B34,"") -> 7.3161166 | F34: =IFERROR(1000*D34/B34,"") -> 25983.881 | G34: =IFERROR(F34/E34,"") -> 3551.5947
A35: 46235
A36: 46266
A37: 46296
A38: 46327
A39: 46357

Sheet Setores Negativados
A2: Indicador Serasa Experian de Inadimplência das Empresas - Setor da Empresa Negativada (%)
A3: Mês | B3: Comércio | C3: Serviços | D3: Indústria | E3: Primário | F3: Outros
A4: 45292 | B4: 0.36379028 | C4: 0.51884428 | D4: 0.075095902 | E4: 0.0081292225 | F4: 0.034140313
A5: 45323 | B5: 0.36275418 | C5: 0.51997474 | D5: 0.074991263 | E5: 0.0081475942 | F5: 0.034132216
A6: 45352 | B6: 0.36177357 | C6: 0.52094895 | D6: 0.074984471 | E6: 0.0081911778 | F6: 0.034101824
A7: 45383 | B7: 0.35999336 | C7: 0.52373898 | D7: 0.074618064 | E7: 0.0079665927 | F7: 0.033683003
A8: 45413 | B8: 0.35913783 | C8: 0.52567877 | D8: 0.073879782 | E8: 0.0078763917 | F8: 0.033427222
A9: 45444 | B9: 0.35739975 | C9: 0.52770567 | D9: 0.073551782 | E9: 0.0078227344 | F9: 0.033520059
A10: 45474 | B10: 0.35649986 | C10: 0.52888972 | D10: 0.073435724 | E10: 0.0077024197 | F10: 0.033472271
A11: 45505 | B11: 0.35613558 | C11: 0.52956375 | D11: 0.073224452 | E11: 0.0076471312 | F11: 0.03342909
A12: 45536 | B12: 0.35556414 | C12: 0.53032793 | D12: 0.073073656 | E12: 0.0075926604 | F12: 0.03344161
A13: 45566 | B13: 0.35437847 | C13: 0.53176279 | D13: 0.072864675 | E13: 0.0075660321 | F13: 0.033428035
A14: 45597 | B14: 0.35560144 | C14: 0.52147014 | D14: 0.080136442 | E14: 0.009905116 | F14: 0.032886865
A15: 45627 | B15: 0.35443246 | C15: 0.52241956 | D15: 0.07988425 | E15: 0.0099440849 | F15: 0.033319643
... A34: 46204 | B34: 0.32144987 | C34: 0.55799024 | D34: 0.080255375 | E34: 0.0095546624 | F34: 0.03074986
A35: 46235
A36: 46266
A37: 46296
A38: 46327
A39: 46357

Sheet Setores
A2: Indicador Serasa Experian de Inadimplência das Empresas - Participação dos Setores na Inadimplência Total (%)
A3: Mês | B3: Bancos / Cartões (A) | C3: Utilities (B) | D3: Telefonia (C) | E3: Varejo (D) | F3: Serviços (E) | G3: Financeiras (F) | H3: Securitizadoras (G) | I3: Cooperativas (H) | J3: Outros (I) | K3: Total Financeiro (A) + (F) | L3: Total não Financeiro (B) + (C) + (D) + (E) + (G) + (H) + (I)
A4: 45292 | B4: 0.20531435 | C4: 0.075058519 | D4: 0.072529456 | E4: 0.039169161 | F4: 0.27942328 | G4: 0.032717123 | H4: 0.0097662683 | I4: n.d. | J4: 0.28602185 | K4: =G4+B4 -> 0.23803147 | L4: =SUM(C4:F4)+H4+J4 -> 0.76196853
A5: 45323 | B5: 0.20820338 | C5: 0.073936207 | D5: 0.071301589 | E5: 0.039022408 | F5: 0.28018657 | G5: 0.03247909 | H5: 0.0096256888 | I5: n.d. | J5: 0.28524506 | K5: =G5+B5 -> 0.24068247 | L5: =SUM(C5:F5)+H5+J5 -> 0.75931753
A6: 45352 | B6: 0.20793209 | C6: 0.073350901 | D6: 0.069231669 | E6: 0.038370529 | F6: 0.28061264 | G6: 0.032352898 | H6: 0.0092962954 | I6: n.d. | J6: 0.28885297 | K6: =G6+B6 -> 0.24028499 | L6: =SUM(C6:F6)+H6+J6 -> 0.75971501
A7: 45383 | B7: 0.21103721 | C7: 0.069380613 | D7: 0.06811604 | E7: 0.037510569 | F7: 0.28406577 | G7: 0.034167737 | H7: 0.009094877 | I7: n.d. | J7: 0.28662718 | K7: =G7+B7 -> 0.24520495 | L7: =SUM(C7:F7)+H7+J7 -> 0.75479505
A8: 45413 | B8: 0.21025077 | C8: 0.068584967 | D8: 0.067006141 | E8: 0.037397527 | F8: 0.2854532 | G8: 0.034499546 | H8: 0.0089304317 | I8: n.d. | J8: 0.28787742 | K8: =G8+B8 -> 0.24475032 | L8: =SUM(C8:F8)+H8+J8 -> 0.75524968
A9: 45444 | B9: 0.21360586 | C9: 0.068476557 | D9: 0.069530113 | E9: 0.036817899 | F9: 0.2857955 | G9: 0.033441478 | H9: 0.0087880952 | I9: n.d. | J9: 0.28354449 | K9: =G9+B9 -> 0.24704734 | L9: =SUM(C9:F9)+H9+J9 -> 0.75295266
A10: 45474 | B10: 0.20641873 | C10: 0.068628143 | D10: 0.068825629 | E10: 0.036916563 | F10: 0.28815376 | G10: 0.033728543 | H10: 0.0087061845 | I10: n.d. | J10: 0.28862244 | K10: =G10+B10 -> 0.24014728 | L10: =SUM(C10:F10)+H10+J10 -> 0.75985272
A11: 45505 | B11: 0.20643129 | C11: 0.069839405 | D11: 0.075569371 | E11: 0.037370737 | F11: 0.31245343 | G11: 0.03088459 | H11: 0.0072605017 | I11: 0.073839423 | J11: 0.18635125 | K11: =G11+B11 -> 0.23731588 | L11: =SUM(C11:F11)+H11+I11+J11 -> 0.76268412
A12: 45536 | B12: 0.20946021 | C12: 0.070544743 | D12: 0.074820177 | E12: 0.037119201 | F12: 0.3093773 | G12: 0.030703473 | H12: 0.0071383988 | I12: 0.074445104 | J12: 0.1863914 | K12: =G12+B12 -> 0.24016369 | L12: =SUM(C12:F12)+H12+I12+J12 -> 0.75983631
A13: 45566 | B13: 0.21051302 | C13: 0.069675927 | D13: 0.072877543 | E13: 0.036577677 | F13: 0.31003386 | G13: 0.030749869 | H13: 0.0078690351 | I13: 0.07585583 | J13: 0.18584723 | K13: =G13+B13 -> 0.24126289 | L13: =SUM(C13:F13)+H13+I13+J13 -> 0.75873711
A14: 45597 | B14: 0.21444833 | C14: 0.063230724 | D14: 0.072866062 | E14: 0.037193017 | F14: 0.31122334 | G14: 0.031343851 | H14: 0.0076446758 | I14: 0.076537351 | J14: 0.18551265 | K14: =G14+B14 -> 0.24579218 | L14: =SUM(C14:F14)+H14+I14+J14 -> 0.75420782
A15: 45627 | B15: 0.20149333 | C15: 0.070765637 | D15: 0.074008939 | E15: 0.036717857 | F15: 0.31575839 | G15: 0.031710861 | H15: 0.0074493052 | I15: 0.07649408 | J15: 0.1856016 | K15: =G15+B15 -> 0.23320419 | L15: =SUM(C15:F15)+H15+I15+J15 -> 0.76679581
A16: 45658 | B16: 0.20470593 | C16: 0.068402388 | D16: 0.071865079 | E16: 0.036161976 | F16: 0.31686459 | G16: 0.031725686 | H16: 0.0071971764 | I16: 0.077524035 | J16: 0.18555313 | K16: =G16+B16 -> 0.23643162 | L16: =SUM(C16:F16)+H16+I16+J16 -> 0.76356838
A17: 45689 | B17: 0.20451147 | C17: 0.066163293 | D17: 0.070613632 | E17: 0.036070491 | F17: 0.31635222 | G17: 0.031976709 | H17: 0.011290239 | I17: 0.078670005 | J17: 0.18435194 | K17: =G17+B17 -> 0.23648818 | L17: =SUM(C17:F17)+H17+I17+J17 -> 0.76351182
A18: 45717 | B18: 0.20738079 | C18: 0.066696164 | D18: 0.069895736 | E18: 0.036199118 | F18: 0.31687723 | G18: 0.031970627 | H18: 0.0067675808 | I18: 0.080278797 | J18: 0.18393396 | K18: =G18+B18 -> 0.23935142 | L18: =SUM(C18:F18)+H18+I18+J18 -> 0.76064858
A19: 45748 | B19: 0.20813695 | C19: 0.066126705 | D19: 0.067931959 | E19: 0.03501772 | F19: 0.31566082 | G19: 0.034249318 | H19: 0.007687467 | I19: 0.081242802 | J19: 0.18394625 | K19: =G19+B19 -> 0.24238627 | L19: =SUM(C19:F19)+H19+I19+J19 -> 0.75761373
A20: 45778 | B20: 0.20870156 | C20: 0.066825284 | D20: 0.067856596 | E20: 0.034610119 | F20: 0.31538741 | G20: 0.035122115 | H20: 0.0075585004 | I20: 0.081360252 | J20: 0.18257817 | K20: =G20+B20 -> 0.24382368 | L20: =SUM(C20:F20)+H20+I20+J20 -> 0.75617632
A21: 45809 | B21: 0.19668977 | C21: 0.069007727 | D21: 0.067057044 | E21: 0.034850161 | F21: 0.31827001 | G21: 0.036399053 | H21: 0.010112879 | I21: 0.08368307 | J21: 0.18393028 | K21: =G21+B21 -> 0.23308882 | L21: =SUM(C21:F21)+H21+I21+J21 -> 0.76691118
A22: 45839 | B22: 0.19777874 | C22: 0.068632033 | D22: 0.066252699 | E22: 0.034283461 | F22: 0.31774791 | G22: 0.037395504 | H22: 0.0098806242 | I22: 0.084361353 | J22: 0.18366768 | K22: =G22+B22 -> 0.23517424 | L22: =SUM(C22:F22)+H22+I22+J22 -> 0.76482576
... A33: 46174 | B33: 0.19473782 | C33: 0.069314632 | D33: 0.059963841 | E33: 0.03321034 | F33: 0.31600929 | G33: 0.045129125 | H33: 0.016382597 | I33: 0.083622295 | J33: 0.18163006 | K33: =G33+B33 -> 0.23986695 | L33: =SUM(C33:F33)+H33+I33+J33 -> 0.76013305
A34: 46204 | B34: 0.1965615 | C34: 0.068503561 | D34: 0.061707696 | E34: 0.0331484 | F34: 0.31673136 | G34: 0.046350816 | H34: 0.011323971 | I34: 0.084651352 | J34: 0.18102134 | K34: 0.24291232 | L34: 0.75708768
A35: 46235
A36: 46266
A37: 46296
A38: 46327
A39: 46357

Sheet MPM
A2: Indicador Serasa Experian de Inadimplência das Empresas
A3: Micro, Pequenas e Médias Empresas
A4: Mês | B4: Empresas Inadimplentes (milhões) | C4: Dívidas Negativadas (milhões) | D4: Dívidas Negativadas (R$ bilhões) | E4: Dívida Média (por CNPJ) | F4: Dívida Média (R$) | G4: Ticket Médio (R$)
A5: 45292 | B5: ='Micro e Pequenas'!B5+Médias!B5 -> 6.314924 | C5: ='Micro e Pequenas'!C5+Médias!C5 -> 43.690007 | D5: ='Micro e Pequenas'!D5+Médias!D5 -> 114.23599 | E5: =C5/B5 -> 6.9185325 | F5: =1000*D5/B5 -> 18089.844 | G5: =F5/E5 -> 2614.6939
A6: 45323 | B6: ='Micro e Pequenas'!B6+Médias!B6 -> 6.29938 | C6: ='Micro e Pequenas'!C6+Médias!C6 -> 43.80181 | D6: ='Micro e Pequenas'!D6+Médias!D6 -> 116.31858 | E6: =C6/B6 -> 6.9533526 | F6: =1000*D6/B6 -> 18465.084 | G6: =F6/E6 -> 2655.5656
A7: 45352 | B7: ='Micro e Pequenas'!B7+Médias!B7 -> 6.322353 | C7: ='Micro e Pequenas'!C7+Médias!C7 -> 44.491119 | D7: ='Micro e Pequenas'!D7+Médias!D7 -> 119.93361 | E7: =C7/B7 -> 7.037114 | F7: =1000*D7/B7 -> 18969.775 | G7: =F7/E7 -> 2695.6753
A8: 45383 | B8: ='Micro e Pequenas'!B8+Médias!B8 -> 6.388012 | C8: ='Micro e Pequenas'!C8+Médias!C8 -> 45.116023 | D8: ='Micro e Pequenas'!D8+Médias!D8 -> 123.8712 | E8: =C8/B8 -> 7.0626077 | F8: =1000*D8/B8 -> 19391.197 | G8: =F8/E8 -> 2745.6144
A9: 45413 | B9: ='Micro e Pequenas'!B9+Médias!B9 -> 6.513265 | C9: ='Micro e Pequenas'!C9+Médias!C9 -> 46.027344 | D9: ='Micro e Pequenas'!D9+Médias!D9 -> 129.04271 | E9: =C9/B9 -> 7.0667083 | F9: =1000*D9/B9 -> 19812.292 | G9: =F9/E9 -> 2803.6096
A10: 45444 | B10: ='Micro e Pequenas'!B10+Médias!B10 -> 6.55849 | C10: ='Micro e Pequenas'!C10+Médias!C10 -> 46.205231 | D10: ='Micro e Pequenas'!D10+Médias!D10 -> 131.21268 | E10: =C10/B10 -> 7.045102 | F10: =1000*D10/B10 -> 20006.538 | G10: =F10/E10 -> 2839.7797
A11: 45474 | B11: ='Micro e Pequenas'!B11+Médias!B11 -> 6.54724 | C11: ='Micro e Pequenas'!C11+Médias!C11 -> 46.122845 | D11: ='Micro e Pequenas'!D11+Médias!D11 -> 131.99046 | E11: =C11/B11 -> 7.0446241 | F11: =1000*D11/B11 -> 20159.71 | G11: =F11/E11 -> 2861.7154
A12: 45505 | B12: ='Micro e Pequenas'!B12+Médias!B12 -> 6.523154 | C12: ='Micro e Pequenas'!C12+Médias!C12 -> 46.320533 | D12: ='Micro e Pequenas'!D12+Médias!D12 -> 133.86164 | E12: =C12/B12 -> 7.1009412 | F12: =1000*D12/B12 -> 20520.999 | G12: =F12/E12 -> 2889.8985
A13: 45536 | B13: ='Micro e Pequenas'!B13+Médias!B13 -> 6.55408 | C13: ='Micro e Pequenas'!C13+Médias!C13 -> 46.785089 | D13: ='Micro e Pequenas'!D13+Médias!D13 -> 136.39812 | E13: =C13/B13 -> 7.1383152 | F13: =1000*D13/B13 -> 20811.176 | G13: =F13/E13 -> 2915.4185
A14: 45566 | B14: ='Micro e Pequenas'!B14+Médias!B14 -> 6.610262 | C14: ='Micro e Pequenas'!C14+Médias!C14 -> 47.479363 | D14: ='Micro e Pequenas'!D14+Médias!D14 -> 140.35833 | E14: =C14/B14 -> 7.1826749 | F14: =1000*D14/B14 -> 21233.399 | G14: =F14/E14 -> 2956.1966
A15: 45597 | B15: ='Micro e Pequenas'!B15+Médias!B15 -> 6.605747 | C15: ='Micro e Pequenas'!C15+Médias!C15 -> 46.642104 | D15: ='Micro e Pequenas'!D15+Médias!D15 -> 137.93676 | E15: =C15/B15 -> 7.0608372 | F15: =1000*D15/B15 -> 20881.327 | G15: =F15/E15 -> 2957.3444
A16: 45627 | B16: ='Micro e Pequenas'!B16+Médias!B16 -> 6.587152 | C16: ='Micro e Pequenas'!C16+Médias!C16 -> 46.288729 | D16: ='Micro e Pequenas'!D16+Médias!D16 -> 134.803 | E16: =C16/B16 -> 7.0271233 | F16: =1000*D16/B16 -> 20464.534 | G16: =F16/E16 -> 2912.2208
... A35: 46204 | B35: ='Micro e Pequenas'!B35+Médias!B35 -> 8.774063 | C35: ='Micro e Pequenas'!C35+Médias!C35 -> 61.887905 | D35: ='Micro e Pequenas'!D35+Médias!D35 -> 214.74248 | E35: =C35/B35 -> 7.0535059 | F35: =1000*D35/B35 -> 24474.691 | G35: =F35/E35 -> 3469.8619
A36: 46235
A37: 46266
A38: 46296
A39: 46327
A40: 46357

Sheet Micro e Pequenas
A2: Indicador Serasa Experian de Inadimplência das Empresas
A3: Micro e Pequenas Empresas
A4: Mês | B4: Empresas Inadimplentes (milhões) | C4: Dívidas Negativadas (milhões) | D4: Dívidas Negativadas (R$ bilhões) | E4: Dívida Média (por CNPJ) | F4: Dívida Média (R$) | G4: Ticket Médio (R$)
A5: 45292 | B5: 6.28703 | C5: 42.928638 | D5: 109.96983 | E5: =C5/B5 -> 6.8281268 | F5: =1000*D5/B5 -> 17491.539 | G5: =F5/E5 -> 2561.6893
A6: 45323 | B6: 6.27117 | C6: 43.013866 | D6: 111.85709 | E6: =C6/B6 -> 6.8589858 | F6: =1000*D6/B6 -> 17836.718 | G6: =F6/E6 -> 2600.4891
A7: 45352 | B7: 6.292915 | C7: 43.626491 | D7: 114.96715 | E7: =C7/B7 -> 6.9326363 | F7: =1000*D7/B7 -> 18269.299 | G7: =F7/E7 -> 2635.26
A8: 45383 | B8: 6.358354 | C8: 44.211238 | D8: 118.6237 | E8: =C8/B8 -> 6.9532521 | F8: =1000*D8/B8 -> 18656.354 | G8: =F8/E8 -> 2683.1119
A9: 45413 | B9: 6.483105 | C9: 45.072625 | D9: 123.45917 | E9: =C9/B9 -> 6.9523207 | F9: =1000*D9/B9 -> 19043.216 | G9: =F9/E9 -> 2739.1165
A10: 45444 | B10: 6.528334 | C10: 45.262642 | D10: 125.65134 | E10: =C10/B10 -> 6.9332608 | F10: =1000*D10/B10 -> 19247.076 | G10: =F10/E10 -> 2776.0497
A11: 45474 | B11: 6.516997 | C11: 45.177116 | D11: 126.38402 | E11: =C11/B11 -> 6.9321984 | F11: =1000*D11/B11 -> 19392.984 | G11: =F11/E11 -> 2797.5229
A12: 45505 | B12: 6.492755 | C12: 45.347965 | D12: 128.09117 | E12: =C12/B12 -> 6.9843949 | F12: =1000*D12/B12 -> 19728.323 | G12: =F12/E12 -> 2824.6288
A13: 45536 | B13: 6.523265 | C13: 45.79476 | D13: 130.50246 | E13: =C13/B13 -> 7.0202207 | F13: =1000*D13/B13 -> 20005.697 | G13: =F13/E13 -> 2849.7248
A14: 45566 | B14: 6.578951 | C14: 46.441845 | D14: 134.10779 | E14: =C14/B14 -> 7.0591565 | F14: =1000*D14/B14 -> 20384.374 | G14: =F14/E14 -> 2887.65
A15: 45597 | B15: 6.573635 | C15: 45.628834 | D15: 131.81446 | E15: =C15/B15 -> 6.9411876 | F15: =1000*D15/B15 -> 20051.989 | G15: =F15/E15 -> 2888.8413
A16: 45627 | B16: 6.558468 | C16: 45.493251 | D16: 130.01334 | E16: =C16/B16 -> 6.9365667 | F16: =1000*D16/B16 -> 19823.736 | G16: =F16/E16 -> 2857.8599
... A35: 46204 | B35: 8.736804 | C35: 60.510699 | D35: 205.96433 | E35: =C35/B35 -> 6.9259536 | F35: =1000*D35/B35 -> 23574.333 | G35: =F35/E35 -> 3403.7671
A36: 46235
A37: 46266
A38: 46296
A39: 46327
A40: 46357

Sheet Médias
A2: Indicador Serasa Experian de Inadimplência das Empresas
A3: Médias Empresas
A4: Mês | B4: Empresas Inadimplentes (milhões) | C4: Dívidas Negativadas (milhões) | D4: Dívidas Negativadas (R$ bilhões) | E4: Dívida Média (por CNPJ) | F4: Dívida Média (R$) | G4: Ticket Médio (R$)
A5: 45292 | B5: 0.027894 | C5: 0.761369 | D5: 4.2661617 | E5: =C5/B5 -> 27.295081 | F5: =1000*D5/B5 -> 152941.91 | G5: =F5/E5 -> 5603.2773
A6: 45323 | B6: 0.02821 | C6: 0.787944 | D6: 4.4614912 | E6: =C6/B6 -> 27.931372 | F6: =1000*D6/B6 -> 158152.82 | G6: =F6/E6 -> 5662.1932
A7: 45352 | B7: 0.029438 | C7: 0.864628 | D7: 4.9664656 | E7: =C7/B7 -> 29.371153 | F7: =1000*D7/B7 -> 168709.34 | G7: =F7/E7 -> 5744.049
A8: 45383 | B8: 0.029658 | C8: 0.904785 | D8: 5.2475001 | E8: =C8/B8 -> 30.507283 | F8: =1000*D8/B8 -> 176933.71 | G8: =F8/E8 -> 5799.7205
A9: 45413 | B9: 0.03016 | C9: 0.954719 | D9: 5.5835345 | E9: =C9/B9 -> 31.655139 | F9: =1000*D9/B9 -> 185130.45 | G9: =F9/E9 -> 5848.3538
A10: 45444 | B10: 0.030156 | C10: 0.942589 | D10: 5.5613367 | E10: =C10/B10 -> 31.257096 | F10: =1000*D10/B10 -> 184418.91 | G10: =F10/E10 -> 5900.0654
A11: 45474 | B11: 0.030243 | C11: 0.945729 | D11: 5.6064414 | E11: =C11/B11 -> 31.271005 | F11: =1000*D11/B11 -> 185379.8 | G11: =F11/E11 -> 5928.1691
A12: 45505 | B12: 0.030399 | C12: 0.972568 | D12: 5.7704733 | E12: =C12/B12 -> 31.993421 | F12: =1000*D12/B12 -> 189824.44 | G12: =F12/E12 -> 5933.2337
A13: 45536 | B13: 0.030815 | C13: 0.990329 | D13: 5.8956513 | E13: =C13/B13 -> 32.137887 | F13: =1000*D13/B13 -> 191324.07 | G13: =F13/E13 -> 5953.225
A14: 45566 | B14: 0.031311 | C14: 1.037518 | D14: 6.2505351 | E14: =C14/B14 -> 33.135895 | F14: =1000*D14/B14 -> 199627.45 | G14: =F14/E14 -> 6024.5076
A15: 45597 | B15: 0.032112 | C15: 1.01327 | D15: 6.1223042 | E15: =C15/B15 -> 31.554248 | F15: =1000*D15/B15 -> 190654.71 | G15: =F15/E15 -> 6042.1252
A16: 45627 | B16: 0.028684 | C16: 0.795478 | D16: 4.7896632 | E16: =C16/B16 -> 27.732464 | F16: =1000*D16/B16 -> 166980.31 | G16: =F16/E16 -> 6021.1134
... A35: 46204 | B35: 0.037259 | C35: 1.377206 | D35: 8.7781544 | E35: =C35/B35 -> 36.963042 | F35: =1000*D35/B35 -> 235598.23 | G35: =F35/E35 -> 6373.8863
A36: 46235
A37: 46266
A38: 46296
A39: 46327
A40: 46357

Sheet Grandes
A2: Indicador Serasa Experian de Inadimplência das Empresas
A3: Grandes Empresas
A4: Mês | B4: Empresas Inadimplentes (milhões) | C4: Dívidas Negativadas (milhões) | D4: Dívidas Negativadas (R$ bilhões) | E4: Dívida Média (por CNPJ) | F4: Dívida Média (R$) | G4: Ticket Médio (R$)
A5: 45292 | B5: 0.020219 | C5: 1.149551 | D5: 5.6294818 | E5: =C5/B5 -> 56.854988 | F5: =1000*D5/B5 -> 278425.33 | G5: =F5/E5 -> 4897.1135
A6: 45323 | B6: 0.020304 | C6: 1.158635 | D6: 5.7224705 | E6: =C6/B6 -> 57.064372 | F6: =1000*D6/B6 -> 281839.56 | G6: =F6/E6 -> 4938.9761
A7: 45352 | B7: 0.020653 | C7: 1.18557 | D7: 5.9361376 | E7: =C7/B7 -> 57.404251 | F7: =1000*D7/B7 -> 287422.53 | G7: =F7/E7 -> 5006.9904
A8: 45383 | B8: 0.020605 | C8: 1.210923 | D8: 6.0440419 | E8: =C8/B8 -> 58.768406 | F8: =1000*D8/B8 -> 293328.9 | G8: =F8/E8 -> 4991.2686
A9: 45413 | B9: 0.020913 | C9: 1.243573 | D9: 6.27816 | E9: =C9/B9 -> 59.464113 | F9: =1000*D9/B9 -> 300203.7 | G9: =F9/E9 -> 5048.4853
A10: 45444 | B10: 0.020755 | C10: 1.25092 | D10: 6.3008488 | E10: =C10/B10 -> 60.270778 | F10: =1000*D10/B10 -> 303582.21 | G10: =F10/E10 -> 5036.9719
A11: 45474 | B11: 0.020828 | C11: 1.254401 | D11: 6.2957014 | E11: =C11/B11 -> 60.226666 | F11: =1000*D11/B11 -> 302271.05 | G11: =F11/E11 -> 5018.8906
A12: 45505 | B12: 0.020631 | C12: 1.258359 | D12: 6.3059404 | E12: =C12/B12 -> 60.993602 | F12: =1000*D12/B12 -> 305653.65 | G12: =F12/E12 -> 5011.2411
A13: 45536 | B13: 0.020767 | C13: 1.273711 | D13: 6.4140888 | E13: =C13/B13 -> 61.333414 | F13: =1000*D13/B13 -> 308859.67 | G13: =F13/E13 -> 5035.7489
A14: 45566 | B14: 0.020924 | C14: 1.293499 | D14: 6.534294 | E14: =C14/B14 -> 61.818916 | F14: =1000*D14/B14 -> 312287.04 | G14: =F14/E14 -> 5051.6421
A15: 45597 | B15: 0.021228 | C15: 1.27381 | D15: 6.4180118 | E15: =C15/B15 -> 60.006124 | F15: =1000*D15/B15 -> 302337.09 | G15: =F15/E15 -> 5038.4373
A16: 45627 | B16: 0.022066 | C16: 1.285652 | D16: 6.448143 | E16: =C16/B16 -> 58.263935 | F16: =1000*D16/B16 -> 292220.75 | G16: =F16/E16 -> 5015.4653
... A35: 46204 | B35: 0.025813 | C35: 1.932061 | D35: 10.082753 | E35: =C35/B35 -> 74.848371 | F35: =1000*D35/B35 -> 390607.56 | G35: =F35/E35 -> 5218.6514
A36: 46235
A37: 46266
A38: 46296
A39: 46327
A40: 46357

Sheet AC
A2: Indicador Serasa Experian de Inadimplência das Empresas - Acre
A3: Mês | B3: Empresas Inadimplentes | C3: Dívidas Negativadas | D3: Dívidas Negativadas (R$) | E3: Dívida Média (por CNPJ) | F3: Dívida Média (R$) | G3: Ticket Médio (R$)
A4: 45292 | B4: 14991 | C4: 99339 | D4: 3.518211e+08 | E4: =C4/B4 -> 6.6265759 | F4: =D4/B4 -> 23468.822 | G4: =F4/E4 -> 3541.6212
A5: 45323 | B5: 14972 | C5: 99627 | D5: 3.5707248e+08 | E5: =C5/B5 -> 6.6542212 | F5: =D5/B5 -> 23849.351 | G5: =F5/E5 -> 3584.0935
A6: 45352 | B6: 15027 | C6: 100054 | D6: 3.635906e+08 | E6: =C6/B6 -> 6.6582818 | F6: =D6/B6 -> 24195.821 | G6: =F6/E6 -> 3633.9437
A7: 45383 | B7: 15147 | C7: 101398 | D7: 3.7525932e+08 | E7: =C7/B7 -> 6.6942629 | F7: =D7/B7 -> 24774.498 | G7: =F7/E7 -> 3700.8552
A8: 45413 | B8: 15182 | C8: 102838 | D8: 3.8664379e+08 | E8: =C8/B8 -> 6.7736794 | F8: =D8/B8 -> 25467.25 | G8: =F8/E8 -> 3759.7365
A9: 45444 | B9: 15258 | C9: 103310 | D9: 3.9175474e+08 | E9: =C9/B9 -> 6.7708743 | F9: =D9/B9 -> 25675.366 | G9: =F9/E9 -> 3792.0312
A10: 45474 | B10: 15155 | C10: 103121 | D10: 3.9634025e+08 | E10: =C10/B10 -> 6.804421 | F10: =D10/B10 -> 26152.441 | G10: =F10/E10 -> 3843.4484
A11: 45505 | B11: 15129 | C11: 103886 | D11: 4.0063646e+08 | E11: =C11/B11 -> 6.8666799 | F11: =D11/B11 -> 26481.357 | G11: =F11/E11 -> 3856.5009
A12: 45536 | B12: 15084 | C12: 103983 | D12: 4.0895736e+08 | E12: =C12/B12 -> 6.8935959 | F12: =D12/B12 -> 27111.997 | G12: =F12/E12 -> 3932.9252
A13: 45566 | B13: 15192 | C13: 106151 | D13: 4.2482645e+08 | E13: =C13/B13 -> 6.9872959 | F13: =D13/B13 -> 27963.826 | G13: =F13/E13 -> 4002.0956
A14: 45597 | B14: 14292 | C14: 83678 | D14: 3.2229622e+08 | E14: =C14/B14 -> 5.8548839 | F14: =D14/B14 -> 22550.813 | G14: =F14/E14 -> 3851.6244
A15: 45627 | B15: 14108 | C15: 82429 | D15: 3.1697392e+08 | E15: =C15/B15 -> 5.8427134 | F15: =D15/B15 -> 22467.672 | G15: =F15/E15 -> 3845.4175
... A23: 45870 | B23: 16461 | C23: 96935 | D23: 398492158 | E23: =C23/B23 -> 5.8887674 | F23: =D23/B23 -> 24208.259 | G23: =F23/E23 -> 4110.9213
A24: 45901 | B24: 17006 | C24: 99348 | D24: 411272398 | E24: =IFERROR(C24/B24,"") -> 5.8419381 | F24: =IFERROR(D24/B24,"") -> 24183.958 | G24: =IFERROR(F24/E24,"") -> 4139.7149
A25: 45931 | B25: 17488 | C25: 101975 | D25: 419696910 | E25: =IFERROR(C25/B25,"") -> 5.8311414 | F25: =IFERROR(D25/B25,"") -> 23999.137 | G25: =IFERROR(F25/E25,"") -> 4115.6843
A26: 45962 | B26: 18172 | C26: 104138 | D26: 435260246 | E26: =IFERROR(C26/B26,"") -> 5.7306846 | F26: =IFERROR(D26/B26,"") -> 23952.248 | G26: =IFERROR(F26/E26,"") -> 4179.6486
A27: 45992 | B27: 18102 | C27: 104909 | D27: 440431649 | E27: =IFERROR(C27/B27,"") -> 5.795437 | F27: =IFERROR(D27/B27,"") -> 24330.552 | G27: =IFERROR(F27/E27,"") -> 4198.2256
A28: 46023 | B28: 13749 | C28: 67896 | D28: 266871455 | E28: =IFERROR(C28/B28,"") -> 4.9382501 | F28: =IFERROR(D28/B28,"") -> 19410.245 | G28: =IFERROR(F28/E28,"") -> 3930.5917
A29: 46054 | B29: 13801 | C29: 68160 | D29: 269358800 | E29: =IFERROR(C29/B29,"") -> 4.9387726 | F29: =IFERROR(D29/B29,"") -> 19517.339 | G29: =IFERROR(F29/E29,"") -> 3951.8603
A30: 46082 | B30: 13881 | C30: 69123 | D30: 276789019 | E30: =IFERROR(C30/B30,"") -> 4.9796845 | F30: =IFERROR(D30/B30,"") -> 19940.135 | G30: =IFERROR(F30/E30,"") -> 4004.297
A31: 46113 | B31: 13998 | C31: 69627 | D31: 274642765 | E31: =IFERROR(C31/B31,"") -> 4.9740677 | F31: =IFERROR(D31/B31,"") -> 19620.143 | G31: =IFERROR(F31/E31,"") -> 3944.4865
A32: 46143 | B32: 14068 | C32: 70438 | D32: 282271658 | E32: =IFERROR(C32/B32,"") -> 5.0069662 | F32: =IFERROR(D32/B32,"") -> 20064.804 | G32: =IFERROR(F32/E32,"") -> 4007.3775
A33: 46174 | B33: 14099 | C33: 70475 | D33: 283207709 | E33: =IFERROR(C33/B33,"") -> 4.9985815 | F33: =IFERROR(D33/B33,"") -> 20087.078 | G33: =IFERROR(F33/E33,"") -> 4018.5556
A34: 46204 | B34: 14057 | C34: 69841 | D34: 276075161 | E34: =IFERROR(C34/B34,"") -> 4.9684143 | F34: =IFERROR(D34/B34,"") -> 19639.693 | G34: =IFERROR(F34/E34,"") -> 3952.9096
A35: 46235
A36: 46266
A37: 46296
A38: 46327
A39: 46357

Sheet AL
A2: Indicador Serasa Experian de Inadimplência das Empresas - Alagoas
A3: Mês | B3: Empresas Inadimplentes | C3: Dívidas Negativadas | D3: Dívidas Negativadas (R$) | E3: Dívida Média (por CNPJ) | F3: Dívida Média (R$) | G3: Ticket Médio (R$)
A4: 45292 | B4: 85630 | C4: 322973 | D4: 6.897153e+08 | E4: =C4/B4 -> 3.7717272 | F4: =D4/B4 -> 8054.5989 | G4: =F4/E4 -> 2135.52
A5: 45323 | B5: 88571 | C5: 330257 | D5: 7.0705108e+08 | E5: =C5/B5 -> 3.7287261 | F5: =D5/B5 -> 7982.8734 | G5: =F5/E5 -> 2140.9117
A6: 45352 | B6: 90311 | C6: 338105 | D6: 7.3132058e+08 | E6: =C6/B6 -> 3.7437854 | F6: =D6/B6 -> 8097.8018 | G6: =F6/E6 -> 2162.9984
A7: 45383 | B7: 86574 | C7: 333331 | D7: 7.6057881e+08 | E7: =C7/B7 -> 3.8502437 | F7: =D7/B7 -> 8785.3028 | G7: =F7/E7 -> 2281.7524
A8: 45413 | B8: 86309 | C8: 336512 | D8: 7.8760937e+08 | E8: =C8/B8 -> 3.8989213 | F8: =D8/B8 -> 9125.4605 | G8: =F8/E8 -> 2340.509
A9: 45444 | B9: 86249 | C9: 332806 | D9: 7.935303e+08 | E9: =C9/B9 -> 3.858665 | F9: =D9/B9 -> 9200.458 | G9: =F9/E9 -> 2384.363
A10: 45474 | B10: 83152 | C10: 322748 | D10: 7.753503e+08 | E10: =C10/B10 -> 3.881422 | F10: =D10/B10 -> 9324.4936 | G10: =F10/E10 -> 2402.3396
A11: 45505 | B11: 78350 | C11: 311588 | D11: 7.6842143e+08 | E11: =C11/B11 -> 3.976873 | F11: =D11/B11 -> 9807.5485 | G11: =F11/E11 -> 2466.1458
A12: 45536 | B12: 78964 | C12: 314403 | D12: 7.8679888e+08 | E12: =C12/B12 -> 3.9815992 | F12: =D12/B12 -> 9964.02 | G12: =F12/E12 -> 2502.5171
A13: 45566 | B13: 79232 | C13: 317994 | D13: 8.1966676e+08 | E13: =C13/B13 -> 4.0134542 | F13: =D13/B13 -> 10345.148 | G13: =F13/E13 -> 2577.6171
A14: 45597 | B14: 78973 | C14: 308404 | D14: 7.9085757e+08 | E14: =C14/B14 -> 3.9051828 | F14: =D14/B14 -> 10014.278 | G14: =F14/E14 -> 2564.3558
A15: 45627 | B15: 78230 | C15: 303514 | D15: 7.8583427e+08 | E15: =C15/B15 -> 3.8797648 | F15: =D15/B15 -> 10045.178 | G15: =F15/E15 -> 2589.1203
... A23: 45870 | B23: 70689 | C23: 310967 | D23: 931809534 | E23: =C23/B23 -> 4.3990861 | F23: =D23/B23 -> 13181.818 | G23: =F23/E23 -> 2996.4901
A24: 45901 | B24: 75034 | C24: 321388 | D24: 953705982 | E24: =IFERROR(C24/B24,"") -> 4.2832316 | F24: =IFERROR(D24/B24,"") -> 12710.318 | G24: =IFERROR(F24/E24,"") -> 2967.4598
A25: 45931 | B25: 77875 | C25: 333827 | D25: 978809491 | E25: =IFERROR(C25/B25,"") -> 4.286703 | F25: =IFERROR(D25/B25,"") -> 12568.982 | G25: =IFERROR(F25/E25,"") -> 2932.0861
A26: 45962 | B26: 79893 | C26: 344432 | D26: 1026200042 | E26: =IFERROR(C26/B26,"") -> 4.3111662 | F26: =IFERROR(D26/B26,"") -> 12844.68 | G26: =IFERROR(F26/E26,"") -> 2979.3981
A27: 45992 | B27: 80681 | C27: 349691 | D27: 1041765583 | E27: =IFERROR(C27/B27,"") -> 4.3342423 | F27: =IFERROR(D27/B27,"") -> 12912.155 | G27: =IFERROR(F27/E27,"") -> 2979.1032
A28: 46023 | B28: 64683 | C28: 251710 | D28: 704872382 | E28: =IFERROR(C28/B28,"") -> 3.8914398 | F28: =IFERROR(D28/B28,"") -> 10897.336 | G28: =IFERROR(F28/E28,"") -> 2800.3352
A29: 46054 | B29: 65132 | C29: 254366 | D29: 716164950 | E29: =IFERROR(C29/B29,"") -> 3.9053921 | F29: =IFERROR(D29/B29,"") -> 10995.593 | G29: =IFERROR(F29/E29,"") -> 2815.4901
A30: 46082 | B30: 63380 | C30: 254282 | D30: 733726720 | E30: =IFERROR(C30/B30,"") -> 4.0120227 | F30: =IFERROR(D30/B30,"") -> 11576.629 | G30: =IFERROR(F30/E30,"") -> 2885.4843
A31: 46113 | B31: 64335 | C31: 259699 | D31: 754181961 | E31: =IFERROR(C31/B31,"") -> 4.0366674 | F31: =IFERROR(D31/B31,"") -> 11722.732 | G31: =IFERROR(F31/E31,"") -> 2904.0619
A32: 46143 | B32: 59819 | C32: 254656 | D32: 778588143 | E32: =IFERROR(C32/B32,"") -> 4.2571089 | F32: =IFERROR(D32/B32,"") -> 13015.733 | G32: =IFERROR(F32/E32,"") -> 3057.4113
A33: 46174 | B33: 60253 | C33: 256739 | D33: 790105265 | E33: =IFERROR(C33/B33,"") -> 4.261016 | F33: =IFERROR(D33/B33,"") -> 13113.127 | G33: =IFERROR(F33/E33,"") -> 3077.4649
A34: 46204 | B34: 60303 | C34: 255048 | D34: 777077657 | E34: =IFERROR(C34/B34,"") -> 4.2294413 | F34: =IFERROR(D34/B34,"") -> 12886.219 | G34: =IFERROR(F34/E34,"") -> 3046.7898
A35: 46235
A36: 46266
A37: 46296
A38: 46327
A39: 46357

Sheet AM
A2: Indicador Serasa Experian de Inadimplência das Empresas - Amazonas
A3: Mês | B3: Empresas Inadimplentes | C3: Dívidas Negativadas | D3: Dívidas Negativadas (R$) | E3: Dívida Média (por CNPJ) | F3: Dívida Média (R$) | G3: Ticket Médio (R$)
A4: 45292 | B4: 75337 | C4: 485127 | D4: 1.6063291e+09 | E4: =C4/B4 -> 6.4394255 | F4: =D4/B4 -> 21321.914 | G4: =F4/E4 -> 3311.1516
A5: 45323 | B5: 73036 | C5: 488936 | D5: 1.643605e+09 | E5: =C5/B5 -> 6.6944521 | F5: =D5/B5 -> 22504.039 | G5: =F5/E5 -> 3361.5953
A6: 45352 | B6: 73503 | C6: 495562 | D6: 1.6748063e+09 | E6: =C6/B6 -> 6.7420649 | F6: =D6/B6 -> 22785.551 | G6: =F6/E6 -> 3379.6101
A7: 45383 | B7: 77125 | C7: 508138 | D7: 1.7294921e+09 | E7: =C7/B7 -> 6.5884992 | F7: =D7/B7 -> 22424.533 | G7: =F7/E7 -> 3403.5874
A8: 45413 | B8: 79004 | C8: 520823 | D8: 1.7816037e+09 | E8: =C8/B8 -> 6.5923624 | F8: =D8/B8 -> 22550.804 | G8: =F8/E8 -> 3420.747
A9: 45444 | B9: 79490 | C9: 526561 | D9: 1.8086392e+09 | E9: =C9/B9 -> 6.624242 | F9: =D9/B9 -> 22753.041 | G9: =F9/E9 -> 3434.8142
A10: 45474 | B10: 79564 | C10: 526870 | D10: 1.8218953e+09 | E10: =C10/B10 -> 6.6219647 | F10: =D10/B10 -> 22898.488 | G10: =F10/E10 -> 3457.9599
A11: 45505 | B11: 80149 | C11: 527602 | D11: 1.8556779e+09 | E11: =C11/B11 -> 6.5827646 | F11: =D11/B11 -> 23152.852 | G11: =F11/E11 -> 3517.1928
A12: 45536 | B12: 80487 | C12: 532088 | D12: 1.901227e+09 | E12: =C12/B12 -> 6.6108564 | F12: =D12/B12 -> 23621.542 | G12: =F12/E12 -> 3573.1439
A13: 45566 | B13: 81128 | C13: 541591 | D13: 1.9698776e+09 | E13: =C13/B13 -> 6.6757593 | F13: =D13/B13 -> 24281.106 | G13: =F13/E13 -> 3637.2051
A14: 45597 | B14: 81620 | C14: 547231 | D14: 1.9864146e+09 | E14: =C14/B14 -> 6.704619 | F14: =D14/B14 -> 24337.351 | G14: =F14/E14 -> 3629.938
A15: 45627 | B15: 80576 | C15: 535017 | D15: 1.9249296e+09 | E15: =C15/B15 -> 6.6399052 | F15: =D15/B15 -> 23889.615 | G15: =F15/E15 -> 3597.8849
... A23: 45870 | B23: 130440 | C23: 724854 | D23: 2579135565 | E23: =C23/B23 -> 5.5569917 | F23: =D23/B23 -> 19772.582 | G23: =F23/E23 -> 3558.1449
A24: 45901 | B24: 134194 | C24: 724548 | D24: 2567630814 | E24: =IFERROR(C24/B24,"") -> 5.3992578 | F24: =IFERROR(D24/B24,"") -> 19133.723 | G24: =IFERROR(F24/E24,"") -> 3543.7691
A25: 45931 | B25: 138862 | C25: 738824 | D25: 2607172556 | E25: =IFERROR(C25/B25,"") -> 5.3205629 | F25: =IFERROR(D25/B25,"") -> 18775.277 | G25: =IFERROR(F25/E25,"") -> 3528.8141
A26: 45962 | B26: 141979 | C26: 752076 | D26: 2673980607 | E26: =IFERROR(C26/B26,"") -> 5.2970932 | F26: =IFERROR(D26/B26,"") -> 18833.635 | G26: =IFERROR(F26/E26,"") -> 3555.4659
A27: 45992 | B27: 142107 | C27: 753556 | D27: 2678492994 | E27: =IFERROR(C27/B27,"") -> 5.3027367 | F27: =IFERROR(D27/B27,"") -> 18848.424 | G27: =IFERROR(F27/E27,"") -> 3554.4711
A28: 46023 | B28: 143055 | C28: 763227 | D28: 2693231903 | E28: =IFERROR(C28/B28,"") -> 5.3351997 | F28: =IFERROR(D28/B28,"") -> 18826.549 | G28: =IFERROR(F28/E28,"") -> 3528.743
A29: 46054 | B29: 145613 | C29: 794390 | D29: 2739112290 | E29: =IFERROR(C29/B29,"") -> 5.4554882 | F29: =IFERROR(D29/B29,"") -> 18810.905 | G29: =IFERROR(F29/E29,"") -> 3448.07
A30: 46082 | B30: 146950 | C30: 831871 | D30: 2901482104 | E30: =IFERROR(C30/B30,"") -> 5.6609119 | F30: =IFERROR(D30/B30,"") -> 19744.689 | G30: =IFERROR(F30/E30,"") -> 3487.8991
A31: 46113 | B31: 148094 | C31: 855727 | D31: 3026400570 | E31: =IFERROR(C31/B31,"") -> 5.7782692 | F31: =IFERROR(D31/B31,"") -> 20435.673 | G31: =IFERROR(F31/E31,"") -> 3536.6426
A32: 46143 | B32: 149064 | C32: 881432 | D32: 3182209047 | E32: =IFERROR(C32/B32,"") -> 5.9131111 | F32: =IFERROR(D32/B32,"") -> 21347.938 | G32: =IFERROR(F32/E32,"") -> 3610.2717
A33: 46174 | B33: 150010 | C33: 892449 | D33: 3233689864 | E33: =IFERROR(C33/B33,"") -> 5.9492634 | F33: =IFERROR(D33/B33,"") -> 21556.495 | G33: =IFERROR(F33/E33,"") -> 3623.389
A34: 46204 | B34: 150990 | C34: 908135 | D34: 3321058493 | E34: =IFERROR(C34/B34,"") -> 6.0145374 | F34: =IFERROR(D34/B34,"") -> 21995.221 | G34: =IFERROR(F34/E34,"") -> 3657.0097
A35: 46235
A36: 46266
A37: 46296
A38: 46327
A39: 46357

Sheet AP
A2: Indicador Serasa Experian de Inadimplência das Empresas - Amapá
A3: Mês | B3: Empresas Inadimplentes | C3: Dívidas Negativadas | D3: Dívidas Negativadas (R$) | E3: Dívida Média (por CNPJ) | F3: Dívida Média (R$) | G3: Ticket Médio (R$)
A4: 45292 | B4: 15655 | C4: 91208 | D4: 2.8799126e+08 | E4: =C4/B4 -> 5.8261258 | F4: =D4/B4 -> 18396.12 | G4: =F4/E4 -> 3157.5219
A5: 45323 | B5: 15698 | C5: 91289 | D5: 2.9111291e+08 | E5: =C5/B5 -> 5.8153268 | F5: =D5/B5 -> 18544.586 | G5: =F5/E5 -> 3188.9155
A6: 45352 | B6: 15717 | C6: 91882 | D6: 2.9647874e+08 | E6: =C6/B6 -> 5.8460266 | F6: =D6/B6 -> 18863.57 | G6: =F6/E6 -> 3226.7336
A7: 45383 | B7: 15875 | C7: 92798 | D7: 3.0444458e+08 | E7: =C7/B7 -> 5.8455433 | F7: =D7/B7 -> 19177.611 | G7: =F7/E7 -> 3280.7235
A8: 45413 | B8: 15894 | C8: 93149 | D8: 3.1168039e+08 | E8: =C8/B8 -> 5.8606392 | F8: =D8/B8 -> 19609.94 | G8: =F8/E8 -> 3346.0411
A9: 45444 | B9: 15894 | C9: 93087 | D9: 3.1786165e+08 | E9: =C9/B9 -> 5.8567384 | F9: =D9/B9 -> 19998.845 | G9: =F9/E9 -> 3414.6728
A10: 45474 | B10: 15823 | C10: 93765 | D10: 3.3009414e+08 | E10: =C10/B10 -> 5.9258674 | F10: =D10/B10 -> 20861.666 | G10: =F10/E10 -> 3520.4409
A11: 45505 | B11: 15771 | C11: 94158 | D11: 3.3543457e+08 | E11: =C11/B11 -> 5.9703253 | F11: =D11/B11 -> 21269.074 | G11: =F11/E11 -> 3562.4649
A12: 45536 | B12: 15771 | C12: 93520 | D12: 3.3964527e+08 | E12: =C12/B12 -> 5.9298713 | F12: =D12/B12 -> 21536.065 | G12: =F12/E12 -> 3631.7929
A13: 45566 | B13: 15853 | C13: 94598 | D13: 3.5073505e+08 | E13: =C13/B13 -> 5.9671986 | F13: =D13/B13 -> 22124.207 | G13: =F13/E13 -> 3707.637
A14: 45597 | B14: 15575 | C14: 82088 | D14: 2.971255e+08 | E14: =C14/B14 -> 5.2704976 | F14: =D14/B14 -> 19077.078 | G14: =F14/E14 -> 3619.5972
A15: 45627 | B15: 15531 | C15: 81205 | D15: 2.9585522e+08 | E15: =C15/B15 -> 5.2285751 | F15: =D15/B15 -> 19049.335 | G15: =F15/E15 -> 3643.3129
... A23: 45870 | B23: 18084 | C23: 89999 | D23: 361483161 | E23: =C23/B23 -> 4.9767198 | F23: =D23/B23 -> 19989.115 | G23: =F23/E23 -> 4016.5242
A24: 45901 | B24: 18527 | C24: 91706 | D24: 371367861 | E24: =IFERROR(C24/B24,"") -> 4.949857 | F24: =IFERROR(D24/B24,"") -> 20044.684 | G24: =IFERROR(F24/E24,"") -> 4049.5481
A25: 45931 | B25: 20179 | C25: 96601 | D25: 387316468 | E25: =IFERROR(C25/B25,"") -> 4.7872045 | F25: =IFERROR(D25/B25,"") -> 19194.037 | G25: =IFERROR(F25/E25,"") -> 4009.4457
A26: 45962 | B26: 21704 | C26: 100916 | D26: 425711239 | E26: =IFERROR(C26/B26,"") -> 4.6496498 | F26: =IFERROR(D26/B26,"") -> 19614.414 | G26: =IFERROR(F26/E26,"") -> 4218.4712
A27: 45992 | B27: 22964 | C27: 103411 | D27: 435671072 | E27: =IFERROR(C27/B27,"") -> 4.5031789 | F27: =IFERROR(D27/B27,"") -> 18971.916 | G27: =IFERROR(F27/E27,"") -> 4213.0051
A28: 46023 | B28: 15668 | C28: 65454 | D28: 253131624 | E28: =IFERROR(C28/B28,"") -> 4.1775594 | F28: =IFERROR(D28/B28,"") -> 16155.963 | G28: =IFERROR(F28/E28,"") -> 3867.3209
A29: 46054 | B29: 15711 | C29: 65704 | D29: 255308289 | E29: =IFERROR(C29/B29,"") -> 4.1820381 | F29: =IFERROR(D29/B29,"") -> 16250.289 | G29: =IFERROR(F29/E29,"") -> 3885.7343
A30: 46082 | B30: 15756 | C30: 66104 | D30: 262524422 | E30: =IFERROR(C30/B30,"") -> 4.1954811 | F30: =IFERROR(D30/B30,"") -> 16661.87 | G30: =IFERROR(F30/E30,"") -> 3971.3848
A31: 46113 | B31: 15843 | C31: 66039 | D31: 260589556 | E31: =IFERROR(C31/B31,"") -> 4.1683393 | F31: =IFERROR(D31/B31,"") -> 16448.246 | G31: =IFERROR(F31/E31,"") -> 3945.9949
A32: 46143 | B32: 15929 | C32: 66760 | D32: 272687889 | E32: =IFERROR(C32/B32,"") -> 4.191098 | F32: =IFERROR(D32/B32,"") -> 17118.958 | G32: =IFERROR(F32/E32,"") -> 4084.5999
A33: 46174 | B33: 15974 | C33: 66436 | D33: 272737245 | E33: =IFERROR(C33/B33,"") -> 4.1590084 | F33: =IFERROR(D33/B33,"") -> 17073.823 | G33: =IFERROR(F33/E33,"") -> 4105.2629
A34: 46204 | B34: 15951 | C34: 65701 | D34: 256727390 | E34: =IFERROR(C34/B34,"") -> 4.1189267 | F34: =IFERROR(D34/B34,"") -> 16094.752 | G34: =IFERROR(F34/E34,"") -> 3907.5111
A35: 46235
A36: 46266
A37: 46296
A38: 46327
A39: 46357

Sheet BA
A2: Indicador Serasa Experian de Inadimplência das Empresas - Bahia
A3: Mês | B3: Empresas Inadimplentes | C3: Dívidas Negativadas | D3: Dívidas Negativadas (R$) | E3: Dívida Média (por CNPJ) | F3: Dívida Média (R$) | G3: Ticket Médio (R$)
A4: 45292 | B4: 312999 | C4: 1864563 | D4: 4.6643932e+09 | E4: =C4/B4 -> 5.9570893 | F4: =D4/B4 -> 14902.262 | G4: =F4/E4 -> 2501.6013
A5: 45323 | B5: 315823 | C5: 1871482 | D5: 4.7497089e+09 | E5: =C5/B5 -> 5.9257306 | F5: =D5/B5 -> 15039.148 | G5: =F5/E5 -> 2537.9399
A6: 45352 | B6: 318969 | C6: 1929363 | D6: 4.9580689e+09 | E6: =C6/B6 -> 6.0487477 | F6: =D6/B6 -> 15544.046 | G6: =F6/E6 -> 2569.7958
A7: 45383 | B7: 321254 | C7: 1939129 | D7: 5.0817613e+09 | E7: =C7/B7 -> 6.0361241 | F7: =D7/B7 -> 15818.515 | G7: =F7/E7 -> 2620.6412
A8: 45413 | B8: 321311 | C8: 1957662 | D8: 5.2402053e+09 | E8: =C8/B8 -> 6.0927326 | F8: =D8/B8 -> 16308.826 | G8: =F8/E8 -> 2676.7671
A9: 45444 | B9: 322060 | C9: 1962923 | D9: 5.3183736e+09 | E9: =C9/B9 -> 6.0948985 | F9: =D9/B9 -> 16513.611 | G9: =F9/E9 -> 2709.4153
A10: 45474 | B10: 318446 | C10: 1952574 | D10: 5.2988247e+09 | E10: =C10/B10 -> 6.1315702 | F10: =D10/B10 -> 16639.634 | G10: =F10/E10 -> 2713.7638
A11: 45505 | B11: 317292 | C11: 1960229 | D11: 5.3521316e+09 | E11: =C11/B11 -> 6.1779969 | F11: =D11/B11 -> 16868.158 | G11: =F11/E11 -> 2730.3604
A12: 45536 | B12: 321205 | C12: 1987228 | D12: 5.4887131e+09 | E12: =C12/B12 -> 6.1867904 | F12: =D12/B12 -> 17087.882 | G12: =F12/E12 -> 2761.9946
A13: 45566 | B13: 329056 | C13: 2029453 | D13: 5.6811567e+09 | E13: =C13/B13 -> 6.1675004 | F13: =D13/B13 -> 17265.015 | G13: =F13/E13 -> 2799.3537
A14: 45597 | B14: 319087 | C14: 1836545 | D14: 5.0012208e+09 | E14: =C14/B14 -> 5.7556246 | F14: =D14/B14 -> 15673.533 | G14: =F14/E14 -> 2723.1681
A15: 45627 | B15: 316175 | C15: 1823530 | D15: 4.9401115e+09 | E15: =C15/B15 -> 5.7674705 | F15: =D15/B15 -> 15624.611 | G15: =F15/E15 -> 2709.0925
... A23: 45870 | B23: 353652 | C23: 2073692 | D23: 6187255403 | E23: =C23/B23 -> 5.8636513 | F23: =D23/B23 -> 17495.321 | G23: =F23/E23 -> 2983.6906
A24: 45901 | B24: 363774 | C24: 2093848 | D24: 6230434274 | E24: =IFERROR(C24/B24,"") -> 5.7559034 | F24: =IFERROR(D24/B24,"") -> 17127.212 | G24: =IFERROR(F24/E24,"") -> 2975.5905
A25: 45931 | B25: 375330 | C25: 2132194 | D25: 6314190084 | E25: =IFERROR(C25/B25,"") -> 5.6808515 | F25: =IFERROR(D25/B25,"") -> 16823.036 | G25: =IFERROR(F25/E25,"") -> 2961.3582
A26: 45962 | B26: 383297 | C26: 2161473 | D26: 6519612980 | E26: =IFERROR(C26/B26,"") -> 5.6391597 | F26: =IFERROR(D26/B26,"") -> 17009.298 | G26: =IFERROR(F26/E26,"") -> 3016.2824
A27: 45992 | B27: 386175 | C27: 2184965 | D27: 6575624932 | E27: =IFERROR(C27/B27,"") -> 5.6579659 | F27: =IFERROR(D27/B27,"") -> 17027.578 | G27: =IFERROR(F27/E27,"") -> 3009.4875
A28: 46023 | B28: 321980 | C28: 1612287 | D28: 4177816225 | E28: =IFERROR(C28/B28,"") -> 5.0074135 | F28: =IFERROR(D28/B28,"") -> 12975.39 | G28: =IFERROR(F28/E28,"") -> 2591.2361
A29: 46054 | B29: 324175 | C29: 1628643 | D29: 4233371804 | E29: =IFERROR(C29/B29,"") -> 5.0239624 | F29: =IFERROR(D29/B29,"") -> 13058.909 | G29: =IFERROR(F29/E29,"") -> 2599.3246
A30: 46082 | B30: 324660 | C30: 1656696 | D30: 4354508255 | E30: =IFERROR(C30/B30,"") -> 5.1028645 | F30: =IFERROR(D30/B30,"") -> 13412.518 | G30: =IFERROR(F30/E30,"") -> 2628.4293
A31: 46113 | B31: 326255 | C31: 1681192 | D31: 4461402086 | E31: =IFERROR(C31/B31,"") -> 5.153 | F31: =IFERROR(D31/B31,"") -> 13674.586 | G31: =IFERROR(F31/E31,"") -> 2653.7136
A32: 46143 | B32: 328055 | C32: 1706982 | D32: 4575100043 | E32: =IFERROR(C32/B32,"") -> 5.2033409 | F32: =IFERROR(D32/B32,"") -> 13946.137 | G32: =IFERROR(F32/E32,"") -> 2680.2275
A33: 46174 | B33: 332416 | C33: 1724713 | D33: 4638588551 | E33: =IFERROR(C33/B33,"") -> 5.1884175 | F33: =IFERROR(D33/B33,"") -> 13954.168 | G33: =IFERROR(F33/E33,"") -> 2689.4843
A34: 46204 | B34: 333520 | C34: 1730338 | D34: 4674399111 | E34: =IFERROR(C34/B34,"") -> 5.1881087 | F34: =IFERROR(D34/B34,"") -> 14015.349 | G34: =IFERROR(F34/E34,"") -> 2701.437
A35: 46235
A36: 46266
A37: 46296
A38: 46327
A39: 46357

Sheet CE
A2: Indicador Serasa Experian de Inadimplência das Empresas - Ceará
A3: Mês | B3: Empresas Inadimplentes | C3: Dívidas Negativadas | D3: Dívidas Negativadas (R$) | E3: Dívida Média (por CNPJ) | F3: Dívida Média (R$) | G3: Ticket Médio (R$)
A4: 45292 | B4: 160119 | C4: 1034979 | D4: 2.8912606e+09 | E4: =C4/B4 -> 6.4638113 | F4: =D4/B4 -> 18056.949 | G4: =F4/E4 -> 2793.5452
A5: 45323 | B5: 159381 | C5: 1012688 | D5: 2.80133e+09 | E5: =C5/B5 -> 6.3538816 | F5: =D5/B5 -> 17576.311 | G5: =F5/E5 -> 2766.232
A6: 45352 | B6: 162306 | C6: 1044849 | D6: 2.9242756e+09 | E6: =C6/B6 -> 6.4375254 | F6: =D6/B6 -> 18017.051 | G6: =F6/E6 -> 2798.7542
A7: 45383 | B7: 162917 | C7: 1060920 | D7: 2.9980967e+09 | E7: =C7/B7 -> 6.5120276 | F7: =D7/B7 -> 18402.602 | G7: =F7/E7 -> 2825.9404
A8: 45413 | B8: 163098 | C8: 1086864 | D8: 3.1468955e+09 | E8: =C8/B8 -> 6.6638708 | F8: =D8/B8 -> 19294.507 | G8: =F8/E8 -> 2895.3903
A9: 45444 | B9: 163694 | C9: 1096529 | D9: 3.1976645e+09 | E9: =C9/B9 -> 6.6986511 | F9: =D9/B9 -> 19534.403 | G9: =F9/E9 -> 2916.1696
A10: 45474 | B10: 161931 | C10: 1089511 | D10: 3.1691901e+09 | E10: =C10/B10 -> 6.7282423 | F10: =D10/B10 -> 19571.238 | G10: =F10/E10 -> 2908.8188
A11: 45505 | B11: 160803 | C11: 1069518 | D11: 3.163703e+09 | E11: =C11/B11 -> 6.6511073 | F11: =D11/B11 -> 19674.403 | G11: =F11/E11 -> 2958.0643
A12: 45536 | B12: 161855 | C12: 1081378 | D12: 3.2082633e+09 | E12: =C12/B12 -> 6.6811529 | F12: =D12/B12 -> 19821.836 | G12: =F12/E12 -> 2966.8287
A13: 45566 | B13: 163798 | C13: 1127051 | D13: 3.3677795e+09 | E13: =C13/B13 -> 6.8807372 | F13: =D13/B13 -> 20560.565 | G13: =F13/E13 -> 2988.134
A14: 45597 | B14: 163189 | C14: 1056033 | D14: 3.1184908e+09 | E14: =C14/B14 -> 6.4712266 | F14: =D14/B14 -> 19109.688 | G14: =F14/E14 -> 2953.024
A15: 45627 | B15: 163719 | C15: 1065511 | D15: 3.0870035e+09 | E15: =C15/B15 -> 6.5081695 | F15: =D15/B15 -> 18855.499 | G15: =F15/E15 -> 2897.2047
... A23: 45870 | B23: 191488 | C23: 1254901 | D23: 3902053035 | E23: =C23/B23 -> 6.5534185 | F23: =D23/B23 -> 20377.533 | G23: =F23/E23 -> 3109.4509
A24: 45901 | B24: 198211 | C24: 1274358 | D24: 3957600165 | E24: =IFERROR(C24/B24,"") -> 6.4293001 | F24: =IFERROR(D24/B24,"") -> 19966.602 | G24: =IFERROR(F24/E24,"") -> 3105.5639
A25: 45931 | B25: 204815 | C25: 1291230 | D25: 4011148401 | E25: =IFERROR(C25/B25,"") -> 6.3043722 | F25: =IFERROR(D25/B25,"") -> 19584.251 | G25: =IFERROR(F25/E25,"") -> 3106.4554
A26: 45962 | B26: 209126 | C26: 1302431 | D26: 4174605889 | E26: =IFERROR(C26/B26,"") -> 6.2279726 | F26: =IFERROR(D26/B26,"") -> 19962.156 | G26: =IFERROR(F26/E26,"") -> 3205.2415
A27: 45992 | B27: 212270 | C27: 1316129 | D27: 4203182313 | E27: =IFERROR(C27/B27,"") -> 6.2002591 | F27: =IFERROR(D27/B27,"") -> 19801.113 | G27: =IFERROR(F27/E27,"") -> 3193.5945
A28: 46023 | B28: 184599 | C28: 927227 | D28: 2767911416 | E28: =IFERROR(C28/B28,"") -> 5.0229254 | F28: =IFERROR(D28/B28,"") -> 14994.184 | G28: =IFERROR(F28/E28,"") -> 2985.1497
A29: 46054 | B29: 185396 | C29: 927400 | D29: 2753678383 | E29: =IFERROR(C29/B29,"") -> 5.0022654 | F29: =IFERROR(D29/B29,"") -> 14852.955 | G29: =IFERROR(F29/E29,"") -> 2969.2456
A30: 46082 | B30: 188390 | C30: 954816 | D30: 2866084785 | E30: =IFERROR(C30/B30,"") -> 5.0682945 | F30: =IFERROR(D30/B30,"") -> 15213.572 | G30: =IFERROR(F30/E30,"") -> 3001.7142
A31: 46113 | B31: 190849 | C31: 974637 | D31: 2948695567 | E31: =IFERROR(C31/B31,"") -> 5.1068489 | F31: =IFERROR(D31/B31,"") -> 15450.411 | G31: =IFERROR(F31/E31,"") -> 3025.4295
A32: 46143 | B32: 191840 | C32: 997709 | D32: 3096629717 | E32: =IFERROR(C32/B32,"") -> 5.200735 | F32: =IFERROR(D32/B32,"") -> 16141.731 | G32: =IFERROR(F32/E32,"") -> 3103.7404
A33: 46174 | B33: 193396 | C33: 1005754 | D33: 3128115534 | E33: =IFERROR(C33/B33,"") -> 5.2004902 | F33: =IFERROR(D33/B33,"") -> 16174.665 | G33: =IFERROR(F33/E33,"") -> 3110.2193
A34: 46204 | B34: 193822 | C34: 1002804 | D34: 3056996659 | E34: =IFERROR(C34/B34,"") -> 5.1738399 | F34: =IFERROR(D34/B34,"") -> 15772.186 | G34: =IFERROR(F34/E34,"") -> 3048.4488
A35: 46235
A36: 46266
A37: 46296
A38: 46327
A39: 46357

Sheet DF
A2: Indicador Serasa Experian de Inadimplência das Empresas - Distrito Federal
A3: Mês | B3: Empresas Inadimplentes | C3: Dívidas Negativadas | D3: Dívidas Negativadas (R$) | E3: Dívida Média (por CNPJ) | F3: Dívida Média (R$) | G3: Ticket Médio (R$)
A4: 45292 | B4: 129614 | C4: 1131883 | D4: 3.4105196e+09 | E4: =C4/B4 -> 8.7327218 | F4: =D4/B4 -> 26312.895 | G4: =F4/E4 -> 3013.138
A5: 45323 | B5: 130240 | C5: 1135664 | D5: 3.4420352e+09 | E5: =C5/B5 -> 8.7197789 | F5: =D5/B5 -> 26428.403 | G5: =F5/E5 -> 3030.857
A6: 45352 | B6: 134514 | C6: 1152520 | D6: 3.5036024e+09 | E6: =C6/B6 -> 8.5680301 | F6: =D6/B6 -> 26046.377 | G6: =F6/E6 -> 3039.9493
A7: 45383 | B7: 137463 | C7: 1187640 | D7: 3.6982962e+09 | E7: =C7/B7 -> 8.6397067 | F7: =D7/B7 -> 26903.939 | G7: =F7/E7 -> 3113.9876
A8: 45413 | B8: 141655 | C8: 1231844 | D8: 3.914954e+09 | E8: =C8/B8 -> 8.6960856 | F8: =D8/B8 -> 27637.246 | G8: =F8/E8 -> 3178.1249
A9: 45444 | B9: 143504 | C9: 1259496 | D9: 4.0390735e+09 | E9: =C9/B9 -> 8.776731 | F9: =D9/B9 -> 28146.069 | G9: =F9/E9 -> 3206.8966
A10: 45474 | B10: 144923 | C10: 1275083 | D10: 4.0246768e+09 | E10: =C10/B10 -> 8.7983481 | F10: =D10/B10 -> 27771.139 | G10: =F10/E10 -> 3156.4038
A11: 45505 | B11: 146104 | C11: 1292804 | D11: 4.1076784e+09 | E11: =C11/B11 -> 8.8485189 | F11: =D11/B11 -> 28114.757 | G11: =F11/E11 -> 3177.3404
A12: 45536 | B12: 147901 | C12: 1310188 | D12: 4.1730409e+09 | E12: =C12/B12 -> 8.8585473 | F12: =D12/B12 -> 28215.096 | G12: =F12/E12 -> 3185.0703
A13: 45566 | B13: 151305 | C13: 1354606 | D13: 4.3246933e+09 | E13: =C13/B13 -> 8.9528172 | F13: =D13/B13 -> 28582.62 | G13: =F13/E13 -> 3192.5839
A14: 45597 | B14: 152125 | C14: 1355438 | D14: 4.3596127e+09 | E14: =C14/B14 -> 8.9100279 | F14: =D14/B14 -> 28658.095 | G14: =F14/E14 -> 3216.3867
A15: 45627 | B15: 151227 | C15: 1354429 | D15: 4.2431322e+09 | E15: =C15/B15 -> 8.9562644 | F15: =D15/B15 -> 28058.033 | G15: =F15/E15 -> 3132.7831
... A23: 45870 | B23: 183940 | C23: 1645573 | D23: 5497823925 | E23: =C23/B23 -> 8.9462488 | F23: =D23/B23 -> 29889.224 | G23: =F23/E23 -> 3340.9784
A24: 45901 | B24: 190160 | C24: 1676749 | D24: 5549402165 | E24: =IFERROR(C24/B24,"") -> 8.8175694 | F24: =IFERROR(D24/B24,"") -> 29182.805 | G24: =IFERROR(F24/E24,"") -> 3309.6201
A25: 45931 | B25: 197750 | C25: 1697340 | D25: 5618328703 | E25: =IFERROR(C25/B25,"") -> 8.5832617 | F25: =IFERROR(D25/B25,"") -> 28411.27 | G25: =IFERROR(F25/E25,"") -> 3310.0785
A26: 45962 | B26: 203002 | C26: 1723057 | D26: 5796345939 | E26: =IFERROR(C26/B26,"") -> 8.4878819 | F26: =IFERROR(D26/B26,"") -> 28553.147 | G26: =IFERROR(F26/E26,"") -> 3363.9897
A27: 45992 | B27: 205907 | C27: 1747355 | D27: 5841747014 | E27: =IFERROR(C27/B27,"") -> 8.4861369 | F27: =IFERROR(D27/B27,"") -> 28370.803 | G27: =IFERROR(F27/E27,"") -> 3343.1942
A28: 46023 | B28: 216504 | C28: 1747837 | D28: 5879045935 | E28: =IFERROR(C28/B28,"") -> 8.073001 | F28: =IFERROR(D28/B28,"") -> 27154.445 | G28: =IFERROR(F28/E28,"") -> 3363.6122
A29: 46054 | B29: 218063 | C29: 1747451 | D29: 5898851034 | E29: =IFERROR(C29/B29,"") -> 8.0135144 | F29: =IFERROR(D29/B29,"") -> 27051.132 | G29: =IFERROR(F29/E29,"") -> 3375.689
A30: 46082 | B30: 219446 | C30: 1782989 | D30: 6165791639 | E30: =IFERROR(C30/B30,"") -> 8.1249556 | F30: =IFERROR(D30/B30,"") -> 28097.079 | G30: =IFERROR(F30/E30,"") -> 3458.121
A31: 46113 | B31: 220881 | C31: 1812485 | D31: 6337072212 | E31: =IFERROR(C31/B31,"") -> 8.2057081 | F31: =IFERROR(D31/B31,"") -> 28689.983 | G31: =IFERROR(F31/E31,"") -> 3496.3446
A32: 46143 | B32: 222865 | C32: 1863314 | D32: 6613250908 | E32: =IFERROR(C32/B32,"") -> 8.3607296 | F32: =IFERROR(D32/B32,"") -> 29673.798 | G32: =IFERROR(F32/E32,"") -> 3549.1876
A33: 46174 | B33: 225060 | C33: 1881269 | D33: 6670459935 | E33: =IFERROR(C33/B33,"") -> 8.3589665 | F33: =IFERROR(D33/B33,"") -> 29638.585 | G33: =IFERROR(F33/E33,"") -> 3545.7236
A34: 46204 | B34: 226296 | C34: 1897904 | D34: 6773232132 | E34: =IFERROR(C34/B34,"") -> 8.3868208 | F34: =IFERROR(D34/B34,"") -> 29930.852 | G34: =IFERROR(F34/E34,"") -> 3568.796
A35: 46235
A36: 46266
A37: 46296
A38: 46327
A39: 46357

Sheet ES
A2: Indicador Serasa Experian de Inadimplência das Empresas - Espírito Santo
A3: Mês | B3: Empresas Inadimplentes | C3: Dívidas Negativadas | D3: Dívidas Negativadas (R$) | E3: Dívida Média (por CNPJ) | F3: Dívida Média (R$) | G3: Ticket Médio (R$)
A4: 45292 | B4: 120912 | C4: 695063 | D4: 1.644866e+09 | E4: =C4/B4 -> 5.748503 | F4: =D4/B4 -> 13603.827 | G4: =F4/E4 -> 2366.4991
A5: 45323 | B5: 122476 | C5: 701152 | D5: 1.6755454e+09 | E5: =C5/B5 -> 5.7248114 | F5: =D5/B5 -> 13680.602 | G5: =F5/E5 -> 2389.7035
A6: 45352 | B6: 123835 | C6: 714875 | D6: 1.7275534e+09 | E6: =C6/B6 -> 5.7728025 | F6: =D6/B6 -> 13950.445 | G6: =F6/E6 -> 2416.5811
A7: 45383 | B7: 127293 | C7: 749056 | D7: 1.7881895e+09 | E7: =C7/B7 -> 5.8845027 | F7: =D7/B7 -> 14047.822 | G7: =F7/E7 -> 2387.2574
A8: 45413 | B8: 126009 | C8: 745783 | D8: 1.813935e+09 | E8: =C8/B8 -> 5.9184899 | F8: =D8/B8 -> 14395.282 | G8: =F8/E8 -> 2432.2558
A9: 45444 | B9: 127206 | C9: 748909 | D9: 1.8298484e+09 | E9: =C9/B9 -> 5.8873717 | F9: =D9/B9 -> 14384.922 | G9: =F9/E9 -> 2443.3522
A10: 45474 | B10: 126057 | C10: 740164 | D10: 1.807389e+09 | E10: =C10/B10 -> 5.8716612 | F10: =D10/B10 -> 14337.871 | G10: =F10/E10 -> 2441.8764
A11: 45505 | B11: 125680 | C11: 739912 | D11: 1.8251274e+09 | E11: =C11/B11 -> 5.8872693 | F11: =D11/B11 -> 14522.019 | G11: =F11/E11 -> 2466.6817
A12: 45536 | B12: 127012 | C12: 740010 | D12: 1.8452738e+09 | E12: =C12/B12 -> 5.8262999 | F12: =D12/B12 -> 14528.342 | G12: =F12/E12 -> 2493.5795
A13: 45566 | B13: 128070 | C13: 745427 | D13: 1.9027228e+09 | E13: =C13/B13 -> 5.8204654 | F13: =D13/B13 -> 14856.897 | G13: =F13/E13 -> 2552.5274
A14: 45597 | B14: 127781 | C14: 738942 | D14: 1.8715536e+09 | E14: =C14/B14 -> 5.7828785 | F14: =D14/B14 -> 14646.572 | G14: =F14/E14 -> 2532.7476
A15: 45627 | B15: 124171 | C15: 680066 | D15: 1.6701532e+09 | E15: =C15/B15 -> 5.4768505 | F15: =D15/B15 -> 13450.429 | G15: =F15/E15 -> 2455.8693
... A23: 45870 | B23: 134830 | C23: 747425 | D23: 1986132013 | E23: =C23/B23 -> 5.5434621 | F23: =D23/B23 -> 14730.639 | G23: =F23/E23 -> 2657.2994
A24: 45901 | B24: 136570 | C24: 749888 | D24: 1997471381 | E24: =IFERROR(C24/B24,"") -> 5.4908692 | F24: =IFERROR(D24/B24,"") -> 14625.989 | G24: =IFERROR(F24/E24,"") -> 2663.693
A25: 45931 | B25: 139809 | C25: 758906 | D25: 2021342705 | E25: =IFERROR(C25/B25,"") -> 5.4281627 | F25: =IFERROR(D25/B25,"") -> 14457.887 | G25: =IFERROR(F25/E25,"") -> 2663.4955
A26: 45962 | B26: 140431 | C26: 763231 | D26: 2068445648 | E26: =IFERROR(C26/B26,"") -> 5.4349182 | F26: =IFERROR(D26/B26,"") -> 14729.267 | G26: =IFERROR(F26/E26,"") -> 2710.1174
A27: 45992 | B27: 140626 | C27: 763821 | D27: 2077585681 | E27: =IFERROR(C27/B27,"") -> 5.4315774 | F27: =IFERROR(D27/B27,"") -> 14773.838 | G27: =IFERROR(F27/E27,"") -> 2719.9903
A28: 46023 | B28: 131641 | C28: 643375 | D28: 1573645740 | E28: =IFERROR(C28/B28,"") -> 4.8873451 | F28: =IFERROR(D28/B28,"") -> 11954.07 | G28: =IFERROR(F28/E28,"") -> 2445.923
A29: 46054 | B29: 131958 | C29: 645798 | D29: 1594039640 | E29: =IFERROR(C29/B29,"") -> 4.8939663 | F29: =IFERROR(D29/B29,"") -> 12079.901 | G29: =IFERROR(F29/E29,"") -> 2468.3255
A30: 46082 | B30: 132632 | C30: 654128 | D30: 1648160218 | E30: =IFERROR(C30/B30,"") -> 4.9319018 | F30: =IFERROR(D30/B30,"") -> 12426.565 | G30: =IFERROR(F30/E30,"") -> 2519.6295
A31: 46113 | B31: 133963 | C31: 663444 | D31: 1696042279 | E31: =IFERROR(C31/B31,"") -> 4.9524421 | F31: =IFERROR(D31/B31,"") -> 12660.528 | G31: =IFERROR(F31/E31,"") -> 2556.4212
A32: 46143 | B32: 133895 | C32: 670105 | D32: 1763108249 | E32: =IFERROR(C32/B32,"") -> 5.0047052 | F32: =IFERROR(D32/B32,"") -> 13167.842 | G32: =IFERROR(F32/E32,"") -> 2631.0925
A33: 46174 | B33: 136167 | C33: 675428 | D33: 1767422574 | E33: =IFERROR(C33/B33,"") -> 4.9602914 | F33: =IFERROR(D33/B33,"") -> 12979.816 | G33: =IFERROR(F33/E33,"") -> 2616.7446
A34: 46204 | B34: 136869 | C34: 676500 | D34: 1767810412 | E34: =IFERROR(C34/B34,"") -> 4.9426824 | F34: =IFERROR(D34/B34,"") -> 12916.076 | G34: =IFERROR(F34/E34,"") -> 2613.1713
A35: 46235
A36: 46266
A37: 46296
A38: 46327
A39: 46357

Sheet GO
A2: Indicador Serasa Experian de Inadimplência das Empresas - Goiás
A3: Mês | B3: Empresas Inadimplentes | C3: Dívidas Negativadas | D3: Dívidas Negativadas (R$) | E3: Dívida Média (por CNPJ) | F3: Dívida Média (R$) | G3: Ticket Médio (R$)
A4: 45292 | B4: 225205 | C4: 1790298 | D4: 5.062209e+09 | E4: =C4/B4 -> 7.949637 | F4: =D4/B4 -> 22478.226 | G4: =F4/E4 -> 2827.579
A5: 45323 | B5: 224568 | C5: 1800784 | D5: 5.1509399e+09 | E5: =C5/B5 -> 8.0188807 | F5: =D5/B5 -> 22937.105 | G5: =F5/E5 -> 2860.3874
A6: 45352 | B6: 213587 | C6: 1649575 | D6: 4.7120973e+09 | E6: =C6/B6 -> 7.7231994 | F6: =D6/B6 -> 22061.723 | G6: =F6/E6 -> 2856.5523
A7: 45383 | B7: 214948 | C7: 1671463 | D7: 4.8430597e+09 | E7: =C7/B7 -> 7.7761272 | F7: =D7/B7 -> 22531.308 | G7: =F7/E7 -> 2897.4974
A8: 45413 | B8: 214763 | C8: 1699549 | D8: 5.010234e+09 | E8: =C8/B8 -> 7.9136024 | F8: =D8/B8 -> 23329.13 | G8: =F8/E8 -> 2947.9785
A9: 45444 | B9: 207017 | C9: 1558030 | D9: 4.4514432e+09 | E9: =C9/B9 -> 7.5260969 | F9: =D9/B9 -> 21502.791 | G9: =F9/E9 -> 2857.0972
A10: 45474 | B10: 206984 | C10: 1542147 | D10: 4.363633e+09 | E10: =C10/B10 -> 7.4505614 | F10: =D10/B10 -> 21081.982 | G10: =F10/E10 -> 2829.5831
A11: 45505 | B11: 206608 | C11: 1539421 | D11: 4.3681752e+09 | E11: =C11/B11 -> 7.4509264 | F11: =D11/B11 -> 21142.333 | G11: =F11/E11 -> 2837.5443
A12: 45536 | B12: 207975 | C12: 1548829 | D12: 4.4288403e+09 | E12: =C12/B12 -> 7.4471884 | F12: =D12/B12 -> 21295.061 | G12: =F12/E12 -> 2859.4766
A13: 45566 | B13: 209852 | C13: 1572546 | D13: 4.5798898e+09 | E13: =C13/B13 -> 7.4935955 | F13: =D13/B13 -> 21824.38 | G13: =F13/E13 -> 2912.4043
A14: 45597 | B14: 207558 | C14: 1511174 | D14: 4.375319e+09 | E14: =C14/B14 -> 7.2807312 | F14: =D14/B14 -> 21079.982 | G14: =F14/E14 -> 2895.3112
A15: 45627 | B15: 221331 | C15: 1566250 | D15: 4.4256381e+09 | E15: =C15/B15 -> 7.0765053 | F15: =D15/B15 -> 19995.564 | G15: =F15/E15 -> 2825.6269
... A23: 45870 | B23: 258726 | C23: 1889732 | D23: 5964726471 | E23: =C23/B23 -> 7.3039895 | F23: =D23/B23 -> 23054.221 | G23: =F23/E23 -> 3156.3875
A24: 45901 | B24: 265076 | C24: 1913048 | D24: 6036014715 | E24: =IFERROR(C24/B24,"") -> 7.2169793 | F24: =IFERROR(D24/B24,"") -> 22770.884 | G24: =IFERROR(F24/E24,"") -> 3155.1821
A25: 45931 | B25: 274228 | C25: 1937523 | D25: 6081136378 | E25: =IFERROR(C25/B25,"") -> 7.0653726 | F25: =IFERROR(D25/B25,"") -> 22175.476 | G25: =IFERROR(F25/E25,"") -> 3138.6138
A26: 45962 | B26: 280493 | C26: 1969825 | D26: 6322019134 | E26: =IFERROR(C26/B26,"") -> 7.0227243 | F26: =IFERROR(D26/B26,"") -> 22538.955 | G26: =IFERROR(F26/E26,"") -> 3209.4319
A27: 45992 | B27: 284141 | C27: 1996568 | D27: 6420638715 | E27: =IFERROR(C27/B27,"") -> 7.0266804 | F27: =IFERROR(D27/B27,"") -> 22596.664 | G27: =IFERROR(F27/E27,"") -> 3215.8377
A28: 46023 | B28: 237317 | C28: 1353792 | D28: 3812795215 | E28: =IFERROR(C28/B28,"") -> 5.7045724 | F28: =IFERROR(D28/B28,"") -> 16066.254 | G28: =IFERROR(F28/E28,"") -> 2816.3818
A29: 46054 | B29: 239183 | C29: 1363064 | D29: 3854242308 | E29: =IFERROR(C29/B29,"") -> 5.6988331 | F29: =IFERROR(D29/B29,"") -> 16114.198 | G29: =IFERROR(F29/E29,"") -> 2827.6312
A30: 46082 | B30: 241732 | C30: 1395947 | D30: 4033857443 | E30: =IFERROR(C30/B30,"") -> 5.7747712 | F30: =IFERROR(D30/B30,"") -> 16687.313 | G30: =IFERROR(F30/E30,"") -> 2889.6924
A31: 46113 | B31: 244254 | C31: 1421489 | D31: 4128027256 | E31: =IFERROR(C31/B31,"") -> 5.8197164 | F31: =IFERROR(D31/B31,"") -> 16900.551 | G31: =IFERROR(F31/E31,"") -> 2904.0163
A32: 46143 | B32: 247336 | C32: 1457409 | D32: 4327324995 | E32: =IFERROR(C32/B32,"") -> 5.8924257 | F32: =IFERROR(D32/B32,"") -> 17495.735 | G32: =IFERROR(F32/E32,"") -> 2969.1905
A33: 46174 | B33: 250101 | C33: 1472763 | D33: 4399930316 | E33: =IFERROR(C33/B33,"") -> 5.888673 | F33: =IFERROR(D33/B33,"") -> 17592.614 | G33: =IFERROR(F33/E33,"") -> 2987.5345
A34: 46204 | B34: 252054 | C34: 1479808 | D34: 4375484090 | E34: =IFERROR(C34/B34,"") -> 5.8709959 | F34: =IFERROR(D34/B34,"") -> 17359.312 | G34: =IFERROR(F34/E34,"") -> 2956.7918
A35: 46235
A36: 46266
A37: 46296
A38: 46327
A39: 46357

Sheet MA
A2: Indicador Serasa Experian de Inadimplência das Empresas - Maranhão
A3: Mês | B3: Empresas Inadimplentes | C3: Dívidas Negativadas | D3: Dívidas Negativadas (R$) | E3: Dívida Média (por CNPJ) | F3: Dívida Média (R$) | G3: Ticket Médio (R$)
A4: 45292 | B4: 117496 | C4: 801370 | D4: 1.8776935e+09 | E4: =C4/B4 -> 6.8204024 | F4: =D4/B4 -> 15980.915 | G4: =F4/E4 -> 2343.1044
A5: 45323 | B5: 117486 | C5: 798933 | D5: 1.8996132e+09 | E5: =C5/B5 -> 6.80024 | F5: =D5/B5 -> 16168.847 | G5: =F5/E5 -> 2377.6877
A6: 45352 | B6: 118115 | C6: 816694 | D6: 1.9741369e+09 | E6: =C6/B6 -> 6.914397 | F6: =D6/B6 -> 16713.685 | G6: =F6/E6 -> 2417.2296
A7: 45383 | B7: 118331 | C7: 807095 | D7: 2.0088079e+09 | E7: =C7/B7 -> 6.8206556 | F7: =D7/B7 -> 16976.176 | G7: =F7/E7 -> 2488.9361
A8: 45413 | B8: 119078 | C8: 815315 | D8: 2.0841803e+09 | E8: =C8/B8 -> 6.8468987 | F8: =D8/B8 -> 17502.647 | G8: =F8/E8 -> 2556.2884
A9: 45444 | B9: 119210 | C9: 799778 | D9: 2.101489e+09 | E9: =C9/B9 -> 6.7089841 | F9: =D9/B9 -> 17628.462 | G9: =F9/E9 -> 2627.5904
A10: 45474 | B10: 121346 | C10: 793140 | D10: 2.105705e+09 | E10: =C10/B10 -> 6.5361858 | F10: =D10/B10 -> 17352.9 | G10: =F10/E10 -> 2654.897
A11: 45505 | B11: 121748 | C11: 788174 | D11: 2.136193e+09 | E11: =C11/B11 -> 6.4738148 | F11: =D11/B11 -> 17546.021 | G11: =F11/E11 -> 2710.3063
A12: 45536 | B12: 122867 | C12: 794239 | D12: 2.1966177e+09 | E12: =C12/B12 -> 6.4642174 | F12: =D12/B12 -> 17878.012 | G12: =F12/E12 -> 2765.6886
A13: 45566 | B13: 123723 | C13: 801212 | D13: 2.2699199e+09 | E13: =C13/B13 -> 6.4758533 | F13: =D13/B13 -> 18346.79 | G13: =F13/E13 -> 2833.1077
A14: 45597 | B14: 110707 | C14: 678246 | D14: 1.8531359e+09 | E14: =C14/B14 -> 6.1264961 | F14: =D14/B14 -> 16739.103 | G14: =F14/E14 -> 2732.2474
A15: 45627 | B15: 112618 | C15: 683530 | D15: 1.8413031e+09 | E15: =C15/B15 -> 6.069456 | F15: =D15/B15 -> 16349.99 | G15: =F15/E15 -> 2693.8147
... A23: 45870 | B23: 128369 | C23: 796803 | D23: 2343816248 | E23: =C23/B23 -> 6.2071294 | F23: =D23/B23 -> 18258.429 | G23: =F23/E23 -> 2941.5254
A24: 45901 | B24: 131724 | C24: 807465 | D24: 2357934651 | E24: =IFERROR(C24/B24,"") -> 6.1299763 | F24: =IFERROR(D24/B24,"") -> 17900.57 | G24: =IFERROR(F24/E24,"") -> 2920.1695
A25: 45931 | B25: 134485 | C25: 824416 | D25: 2388365828 | E25: =IFERROR(C25/B25,"") -> 6.1301707 | F25: =IFERROR(D25/B25,"") -> 17759.347 | G25: =IFERROR(F25/E25,"") -> 2897.0396
A26: 45962 | B26: 136208 | C26: 830554 | D26: 2484025627 | E26: =IFERROR(C26/B26,"") -> 6.0976888 | F26: =IFERROR(D26/B26,"") -> 18237.002 | G26: =IFERROR(F26/E26,"") -> 2990.8057
A27: 45992 | B27: 137576 | C27: 838617 | D27: 2509863635 | E27: =IFERROR(C27/B27,"") -> 6.0956635 | F27: =IFERROR(D27/B27,"") -> 18243.47 | G27: =IFERROR(F27/E27,"") -> 2992.8604
A28: 46023 | B28: 106339 | C28: 640388 | D28: 1736151160 | E28: =IFERROR(C28/B28,"") -> 6.0221368 | F28: =IFERROR(D28/B28,"") -> 16326.57 | G28: =IFERROR(F28/E28,"") -> 2711.0926
A29: 46054 | B29: 106532 | C29: 642433 | D29: 1758055670 | E29: =IFERROR(C29/B29,"") -> 6.0304228 | F29: =IFERROR(D29/B29,"") -> 16502.606 | G29: =IFERROR(F29/E29,"") -> 2736.5588
A30: 46082 | B30: 107386 | C30: 658226 | D30: 1826022598 | E30: =IFERROR(C30/B30,"") -> 6.1295327 | F30: =IFERROR(D30/B30,"") -> 17004.289 | G30: =IFERROR(F30/E30,"") -> 2774.1575
A31: 46113 | B31: 109605 | C31: 671170 | D31: 1862748024 | E31: =IFERROR(C31/B31,"") -> 6.1235345 | F31: =IFERROR(D31/B31,"") -> 16995.101 | G31: =IFERROR(F31/E31,"") -> 2775.3744
A32: 46143 | B32: 110151 | C32: 682595 | D32: 1952953988 | E32: =IFERROR(C32/B32,"") -> 6.1969024 | F32: =IFERROR(D32/B32,"") -> 17729.789 | G32: =IFERROR(F32/E32,"") -> 2861.0728
A33: 46174 | B33: 119250 | C33: 731655 | D33: 2020262406 | E33: =IFERROR(C33/B33,"") -> 6.1354717 | F33: =IFERROR(D33/B33,"") -> 16941.404 | G33: =IFERROR(F33/E33,"") -> 2761.2227
A34: 46204 | B34: 119241 | C34: 725710 | D34: 1974988462 | E34: =IFERROR(C34/B34,"") -> 6.0860778 | F34: =IFERROR(D34/B34,"") -> 16562.998 | G34: =IFERROR(F34/E34,"") -> 2721.4569
A35: 46235
A36: 46266
A37: 46296
A38: 46327
A39: 46357

Sheet MG
A2: Indicador Serasa Experian de Inadimplência das Empresas - Minas Gerais
A3: Mês | B3: Empresas Inadimplentes | C3: Dívidas Negativadas | D3: Dívidas Negativadas (R$) | E3: Dívida Média (por CNPJ) | F3: Dívida Média (R$) | G3: Ticket Médio (R$)
A4: 45292 | B4: 608354 | C4: 3955069 | D4: 9.8785444e+09 | E4: =C4/B4 -> 6.5012624 | F4: =D4/B4 -> 16238.152 | G4: =F4/E4 -> 2497.6921
A5: 45323 | B5: 618748 | C5: 4066849 | D5: 1.0341743e+10 | E5: =C5/B5 -> 6.5727065 | F5: =D5/B5 -> 16713.982 | G5: =F5/E5 -> 2542.9375
A6: 45352 | B6: 627176 | C6: 4176248 | D6: 1.0825176e+10 | E6: =C6/B6 -> 6.6588135 | F6: =D6/B6 -> 17260.189 | G6: =F6/E6 -> 2592.0817
A7: 45383 | B7: 632211 | C7: 4250078 | D7: 1.1311414e+10 | E7: =C7/B7 -> 6.7225626 | F7: =D7/B7 -> 17891.833 | G7: =F7/E7 -> 2661.4602
A8: 45413 | B8: 627744 | C8: 4300172 | D8: 1.1853421e+10 | E8: =C8/B8 -> 6.8502001 | F8: =D8/B8 -> 18882.572 | G8: =F8/E8 -> 2756.4993
A9: 45444 | B9: 617240 | C9: 4305552 | D9: 1.2166195e+10 | E9: =C9/B9 -> 6.9754909 | F9: =D9/B9 -> 19710.639 | G9: =F9/E9 -> 2825.6992
A10: 45474 | B10: 611114 | C10: 4293878 | D10: 1.2275542e+10 | E10: =C10/B10 -> 7.0263126 | F10: =D10/B10 -> 20087.156 | G10: =F10/E10 -> 2858.8474
A11: 45505 | B11: 606911 | C11: 4320670 | D11: 1.251191e+10 | E11: =C11/B11 -> 7.1191163 | F11: =D11/B11 -> 20615.724 | G11: =F11/E11 -> 2895.8262
A12: 45536 | B12: 610521 | C12: 4345724 | D12: 1.2745914e+10 | E12: =C12/B12 -> 7.1180582 | F12: =D12/B12 -> 20877.11 | G12: =F12/E12 -> 2932.9783
A13: 45566 | B13: 618120 | C13: 4398705 | D13: 1.310843e+10 | E13: =C13/B13 -> 7.1162638 | F13: =D13/B13 -> 21206.934 | G13: =F13/E13 -> 2980.0657
A14: 45597 | B14: 623209 | C14: 4431313 | D14: 1.3174719e+10 | E14: =C14/B14 -> 7.1104766 | F14: =D14/B14 -> 21140.13 | G14: =F14/E14 -> 2973.0961
A15: 45627 | B15: 615468 | C15: 4375043 | D15: 1.2736323e+10 | E15: =C15/B15 -> 7.1084817 | F15: =D15/B15 -> 20693.721 | G15: =F15/E15 -> 2911.1309
... A23: 45870 | B23: 749867 | C23: 5224094 | D23: 17228047682 | E23: =C23/B23 -> 6.9666941 | F23: =D23/B23 -> 22974.804 | G23: =F23/E23 -> 3297.8058
A24: 45901 | B24: 780316 | C24: 5303394 | D24: 17427244876 | E24: =IFERROR(C24/B24,"") -> 6.7964696 | F24: =IFERROR(D24/B24,"") -> 22333.574 | G24: =IFERROR(F24/E24,"") -> 3286.0551
A25: 45931 | B25: 813406 | C25: 5415621 | D25: 17704388849 | E25: =IFERROR(C25/B25,"") -> 6.6579556 | F25: =IFERROR(D25/B25,"") -> 21765.747 | G25: =IFERROR(F25/E25,"") -> 3269.1337
A26: 45962 | B26: 836320 | C26: 5523571 | D26: 18274214119 | E26: =IFERROR(C26/B26,"") -> 6.6046143 | F26: =IFERROR(D26/B26,"") -> 21850.744 | G26: =IFERROR(F26/E26,"") -> 3308.4058
A27: 45992 | B27: 847314 | C27: 5594547 | D27: 18552661407 | E27: =IFERROR(C27/B27,"") -> 6.6026845 | F27: =IFERROR(D27/B27,"") -> 21895.851 | G27: =IFERROR(F27/E27,"") -> 3316.2044
A28: 46023 | B28: 856008 | C28: 5650453 | D28: 18864757888 | E28: =IFERROR(C28/B28,"") -> 6.6009348 | F28: =IFERROR(D28/B28,"") -> 22038.063 | G28: =IFERROR(F28/E28,"") -> 3338.6275
A29: 46054 | B29: 866050 | C29: 5721434 | D29: 19175503599 | E29: =IFERROR(C29/B29,"") -> 6.6063553 | F29: =IFERROR(D29/B29,"") -> 22141.335 | G29: =IFERROR(F29/E29,"") -> 3351.5205
A30: 46082 | B30: 873579 | C30: 5858794 | D30: 19996634127 | E30: =IFERROR(C30/B30,"") -> 6.7066562 | F30: =IFERROR(D30/B30,"") -> 22890.47 | G30: =IFERROR(F30/E30,"") -> 3413.0973
A31: 46113 | B31: 881652 | C31: 6003194 | D31: 20806652028 | E31: =IFERROR(C31/B31,"") -> 6.809029 | F31: =IFERROR(D31/B31,"") -> 23599.62 | G31: =IFERROR(F31/E31,"") -> 3465.9303
A32: 46143 | B32: 887261 | C32: 6177354 | D32: 21691102762 | E32: =IFERROR(C32/B32,"") -> 6.9622738 | F32: =IFERROR(D32/B32,"") -> 24447.263 | G32: =IFERROR(F32/E32,"") -> 3511.3906
A33: 46174 | B33: 907558 | C33: 6323710 | D33: 22047698299 | E33: =IFERROR(C33/B33,"") -> 6.9678302 | F33: =IFERROR(D33/B33,"") -> 24293.432 | G33: =IFERROR(F33/E33,"") -> 3486.5132
A34: 46204 | B34: 915410 | C34: 6443860 | D34: 22804126403 | E34: =IFERROR(C34/B34,"") -> 7.0393157 | F34: =IFERROR(D34/B34,"") -> 24911.38 | G34: =IFERROR(F34/E34,"") -> 3538.8923
A35: 46235
A36: 46266
A37: 46296
A38: 46327
A39: 46357

Sheet MS
A2: Indicador Serasa Experian de Inadimplência das Empresas - Mato Grosso do Sul
A3: Mês | B3: Empresas Inadimplentes | C3: Dívidas Negativadas | D3: Dívidas Negativadas (R$) | E3: Dívida Média (por CNPJ) | F3: Dívida Média (R$) | G3: Ticket Médio (R$)
A4: 45292 | B4: 82394 | C4: 631828 | D4: 1.6193154e+09 | E4: =C4/B4 -> 7.6683739 | F4: =D4/B4 -> 19653.317 | G4: =F4/E4 -> 2562.9054
A5: 45323 | B5: 82490 | C5: 638506 | D5: 1.6590605e+09 | E5: =C5/B5 -> 7.7404049 | F5: =D5/B5 -> 20112.262 | G5: =F5/E5 -> 2598.3475
A6: 45352 | B6: 83241 | C6: 653205 | D6: 1.7217751e+09 | E6: =C6/B6 -> 7.8471546 | F6: =D6/B6 -> 20684.219 | G6: =F6/E6 -> 2635.8877
A7: 45383 | B7: 84122 | C7: 667464 | D7: 1.8016722e+09 | E7: =C7/B7 -> 7.9344761 | F7: =D7/B7 -> 21417.372 | G7: =F7/E7 -> 2699.2799
A8: 45413 | B8: 84798 | C8: 683623 | D8: 1.8998493e+09 | E8: =C8/B8 -> 8.0617821 | F8: =D8/B8 -> 22404.411 | G8: =F8/E8 -> 2779.0892
A9: 45444 | B9: 85394 | C9: 695040 | D9: 1.9612928e+09 | E9: =C9/B9 -> 8.1392135 | F9: =D9/B9 -> 22967.571 | G9: =F9/E9 -> 2821.8416
A10: 45474 | B10: 85100 | C10: 700487 | D10: 1.9991733e+09 | E10: =C10/B10 -> 8.2313396 | F10: =D10/B10 -> 23492.048 | G10: =F10/E10 -> 2853.9763
A11: 45505 | B11: 84932 | C11: 705407 | D11: 2.0181716e+09 | E11: =C11/B11 -> 8.3055503 | F11: =D11/B11 -> 23762.205 | G11: =F11/E11 -> 2861.0031
A12: 45536 | B12: 85492 | C12: 712336 | D12: 2.0593288e+09 | E12: =C12/B12 -> 8.3321948 | F12: =D12/B12 -> 24087.971 | G12: =F12/E12 -> 2890.9515
A13: 45566 | B13: 86504 | C13: 725740 | D13: 2.1352612e+09 | E13: =C13/B13 -> 8.3896698 | F13: =D13/B13 -> 24683.959 | G13: =F13/E13 -> 2942.1848
A14: 45597 | B14: 86579 | C14: 729483 | D14: 2.1508649e+09 | E14: =C14/B14 -> 8.4256344 | F14: =D14/B14 -> 24842.801 | G14: =F14/E14 -> 2948.4784
A15: 45627 | B15: 85761 | C15: 722120 | D15: 2.0762523e+09 | E15: =C15/B15 -> 8.4201444 | F15: =D15/B15 -> 24209.749 | G15: =F15/E15 -> 2875.2179
... A23: 45870 | B23: 111215 | C23: 907729 | D23: 2972351661 | E23: =C23/B23 -> 8.1619296 | F23: =D23/B23 -> 26726.176 | G23: =F23/E23 -> 3274.4923
A24: 45901 | B24: 115831 | C24: 917472 | D24: 2987944339 | E24: =IFERROR(C24/B24,"") -> 7.9207811 | F24: =IFERROR(D24/B24,"") -> 25795.723 | G24: =IFERROR(F24/E24,"") -> 3256.7145
A25: 45931 | B25: 119836 | C25: 931477 | D25: 3046266201 | E25: =IFERROR(C25/B25,"") -> 7.7729313 | F25: =IFERROR(D25/B25,"") -> 25420.293 | G25: =IFERROR(F25/E25,"") -> 3270.3612
A26: 45962 | B26: 124038 | C26: 953768 | D26: 3189080112 | E26: =IFERROR(C26/B26,"") -> 7.689321 | F26: =IFERROR(D26/B26,"") -> 25710.509 | G26: =IFERROR(F26/E26,"") -> 3343.6644
A27: 45992 | B27: 125771 | C27: 964245 | D27: 3227363691 | E27: =IFERROR(C27/B27,"") -> 7.666672 | F27: =IFERROR(D27/B27,"") -> 25660.635 | G27: =IFERROR(F27/E27,"") -> 3347.037
A28: 46023 | B28: 127516 | C28: 977014 | D28: 3284988193 | E28: =IFERROR(C28/B28,"") -> 7.6618934 | F28: =IFERROR(D28/B28,"") -> 25761.38 | G28: =IFERROR(F28/E28,"") -> 3362.2734
A29: 46054 | B29: 129407 | C29: 989870 | D29: 3355018843 | E29: =IFERROR(C29/B29,"") -> 7.6492771 | F29: =IFERROR(D29/B29,"") -> 25926.1 | G29: =IFERROR(F29/E29,"") -> 3389.353
A30: 46082 | B30: 130912 | C30: 1020995 | D30: 3532201626 | E30: =IFERROR(C30/B30,"") -> 7.799094 | F30: =IFERROR(D30/B30,"") -> 26981.496 | G30: =IFERROR(F30/E30,"") -> 3459.568
A31: 46113 | B31: 132360 | C31: 1057448 | D31: 3716035848 | E31: =IFERROR(C31/B31,"") -> 7.989181 | F31: =IFERROR(D31/B31,"") -> 28075.218 | G31: =IFERROR(F31/E31,"") -> 3514.1547
A32: 46143 | B32: 133849 | C32: 1092259 | D32: 3898444555 | E32: =IFERROR(C32/B32,"") -> 8.1603822 | F32: =IFERROR(D32/B32,"") -> 29125.691 | G32: =IFERROR(F32/E32,"") -> 3569.1576
A33: 46174 | B33: 135731 | C33: 1110393 | D33: 3977668190 | E33: =IFERROR(C33/B33,"") -> 8.1808356 | F33: =IFERROR(D33/B33,"") -> 29305.525 | G33: =IFERROR(F33/E33,"") -> 3582.2166
A34: 46204 | B34: 136605 | C34: 1130037 | D34: 4090372188 | E34: =IFERROR(C34/B34,"") -> 8.272296 | F34: =IFERROR(D34/B34,"") -> 29943.063 | G34: =IFERROR(F34/E34,"") -> 3619.6799
A35: 46235
A36: 46266
A37: 46296
A38: 46327
A39: 46357

Sheet MT
A2: Indicador Serasa Experian de Inadimplência das Empresas - Mato Grosso
A3: Mês | B3: Empresas Inadimplentes | C3: Dívidas Negativadas | D3: Dívidas Negativadas (R$) | E3: Dívida Média (por CNPJ) | F3: Dívida Média (R$) | G3: Ticket Médio (R$)
A4: 45292 | B4: 139973 | C4: 1048552 | D4: 2.8195606e+09 | E4: =C4/B4 -> 7.4911019 | F4: =D4/B4 -> 20143.603 | G4: =F4/E4 -> 2689.004
A5: 45323 | B5: 140913 | C5: 1071347 | D5: 2.8881638e+09 | E5: =C5/B5 -> 7.6028968 | F5: =D5/B5 -> 20496.078 | G5: =F5/E5 -> 2695.8248
A6: 45352 | B6: 141248 | C6: 1094859 | D6: 3.0032965e+09 | E6: =C6/B6 -> 7.7513239 | F6: =D6/B6 -> 21262.577 | G6: =F6/E6 -> 2743.0898
A7: 45383 | B7: 159893 | C7: 1166439 | D7: 3.2148282e+09 | E7: =C7/B7 -> 7.2951224 | F7: =D7/B7 -> 20106.122 | G7: =F7/E7 -> 2756.1049
A8: 45413 | B8: 160181 | C8: 1208491 | D8: 3.3769108e+09 | E8: =C8/B8 -> 7.544534 | F8: =D8/B8 -> 21081.844 | G8: =F8/E8 -> 2794.3202
A9: 45444 | B9: 159973 | C9: 1229298 | D9: 3.4864361e+09 | E9: =C9/B9 -> 7.6844092 | F9: =D9/B9 -> 21793.904 | G9: =F9/E9 -> 2836.1196
A10: 45474 | B10: 162584 | C10: 1257415 | D10: 3.5561103e+09 | E10: =C10/B10 -> 7.7339406 | F10: =D10/B10 -> 21872.449 | G10: =F10/E10 -> 2828.1119
A11: 45505 | B11: 163613 | C11: 1288739 | D11: 3.63815e+09 | E11: =C11/B11 -> 7.8767518 | F11: =D11/B11 -> 22236.314 | G11: =F11/E11 -> 2823.0309
A12: 45536 | B12: 165072 | C12: 1321397 | D12: 3.7628161e+09 | E12: =C12/B12 -> 8.0049736 | F12: =D12/B12 -> 22794.999 | G12: =F12/E12 -> 2847.6045
A13: 45566 | B13: 166871 | C13: 1364298 | D13: 3.9261762e+09 | E13: =C13/B13 -> 8.1757645 | F13: =D13/B13 -> 23528.212 | G13: =F13/E13 -> 2877.7996
A14: 45597 | B14: 165424 | C14: 1317932 | D14: 3.8212262e+09 | E14: =C14/B14 -> 7.9669939 | F14: =D14/B14 -> 23099.587 | G14: =F14/E14 -> 2899.4107
A15: 45627 | B15: 166046 | C15: 1299563 | D15: 3.7344875e+09 | E15: =C15/B15 -> 7.826524 | F15: =D15/B15 -> 22490.68 | G15: =F15/E15 -> 2873.6487
... A23: 45870 | B23: 153832 | C23: 1241984 | D23: 4199333522 | E23: =C23/B23 -> 8.0736388 | F23: =D23/B23 -> 27298.179 | G23: =F23/E23 -> 3381.1495
A24: 45901 | B24: 158208 | C24: 1269461 | D24: 4239704272 | E24: =IFERROR(C24/B24,"") -> 8.0240001 | F24: =IFERROR(D24/B24,"") -> 26798.293 | G24: =IFERROR(F24/E24,"") -> 3339.7672
A25: 45931 | B25: 163796 | C25: 1301315 | D25: 4338325683 | E25: =IFERROR(C25/B25,"") -> 7.94473 | F25: =IFERROR(D25/B25,"") -> 26486.152 | G25: =IFERROR(F25/E25,"") -> 3333.8013
A26: 45962 | B26: 166681 | C26: 1324903 | D26: 4466343928 | E26: =IFERROR(C26/B26,"") -> 7.9487344 | F26: =IFERROR(D26/B26,"") -> 26795.759 | G26: =IFERROR(F26/E26,"") -> 3371.0724
A27: 45992 | B27: 168195 | C27: 1336682 | D27: 4527004878 | E27: =IFERROR(C27/B27,"") -> 7.947216 | F27: =IFERROR(D27/B27,"") -> 26915.217 | G27: =IFERROR(F27/E27,"") -> 3386.7478
A28: 46023 | B28: 170603 | C28: 1348107 | D28: 4609412883 | E28: =IFERROR(C28/B28,"") -> 7.9020123 | F28: =IFERROR(D28/B28,"") -> 27018.358 | G28: =IFERROR(F28/E28,"") -> 3419.1744
A29: 46054 | B29: 176794 | C29: 1374360 | D29: 4726230190 | E29: =IFERROR(C29/B29,"") -> 7.7737932 | F29: =IFERROR(D29/B29,"") -> 26732.978 | G29: =IFERROR(F29/E29,"") -> 3438.859
A30: 46082 | B30: 177834 | C30: 1422427 | D30: 4957812647 | E30: =IFERROR(C30/B30,"") -> 7.9986223 | F30: =IFERROR(D30/B30,"") -> 27878.879 | G30: =IFERROR(F30/E30,"") -> 3485.4602
A31: 46113 | B31: 180954 | C31: 1471142 | D31: 5191578262 | E31: =IFERROR(C31/B31,"") -> 8.1299225 | F31: =IFERROR(D31/B31,"") -> 28690.044 | G31: =IFERROR(F31/E31,"") -> 3528.9444
A32: 46143 | B32: 182786 | C32: 1520413 | D32: 5414889491 | E32: =IFERROR(C32/B32,"") -> 8.3179948 | F32: =IFERROR(D32/B32,"") -> 29624.203 | G32: =IFERROR(F32/E32,"") -> 3561.4596
A33: 46174 | B33: 185150 | C33: 1545592 | D33: 5541654656 | E33: =IFERROR(C33/B33,"") -> 8.3477829 | F33: =IFERROR(D33/B33,"") -> 29930.622 | G33: =IFERROR(F33/E33,"") -> 3585.4576
A34: 46204 | B34: 186331 | C34: 1574923 | D34: 5722043119 | E34: =IFERROR(C34/B34,"") -> 8.4522865 | F34: =IFERROR(D34/B34,"") -> 30709.024 | G34: =IFERROR(F34/E34,"") -> 3633.2209
A35: 46235
A36: 46266
A37: 46296
A38: 46327
A39: 46357

Sheet PA
A2: Indicador Serasa Experian de Inadimplência das Empresas - Pará
A3: Mês | B3: Empresas Inadimplentes | C3: Dívidas Negativadas | D3: Dívidas Negativadas (R$) | E3: Dívida Média (por CNPJ) | F3: Dívida Média (R$) | G3: Ticket Médio (R$)
A4: 45292 | B4: 151786 | C4: 1127492 | D4: 2.9953855e+09 | E4: =C4/B4 -> 7.4281686 | F4: =D4/B4 -> 19734.267 | G4: =F4/E4 -> 2656.68
A5: 45323 | B5: 152716 | C5: 1135663 | D5: 3.0371157e+09 | E5: =C5/B5 -> 7.4364376 | F5: =D5/B5 -> 19887.345 | G5: =F5/E5 -> 2674.3107
A6: 45352 | B6: 154060 | C6: 1156318 | D6: 3.1251468e+09 | E6: =C6/B6 -> 7.5056342 | F6: =D6/B6 -> 20285.258 | G6: =F6/E6 -> 2702.6707
A7: 45383 | B7: 155546 | C7: 1172875 | D7: 3.2182544e+09 | E7: =C7/B7 -> 7.5403739 | F7: =D7/B7 -> 20690.049 | G7: =F7/E7 -> 2743.9022
A8: 45413 | B8: 158335 | C8: 1195849 | D8: 3.3322869e+09 | E8: =C8/B8 -> 7.552651 | F8: =D8/B8 -> 21045.801 | G8: =F8/E8 -> 2786.5449
A9: 45444 | B9: 158692 | C9: 1199169 | D9: 3.3902247e+09 | E9: =C9/B9 -> 7.5565813 | F9: =D9/B9 -> 21363.551 | G9: =F9/E9 -> 2827.145
A10: 45474 | B10: 159084 | C10: 1202967 | D10: 3.4203237e+09 | E10: =C10/B10 -> 7.5618353 | F10: =D10/B10 -> 21500.112 | G10: =F10/E10 -> 2843.2399
A11: 45505 | B11: 159345 | C11: 1214534 | D11: 3.4679355e+09 | E11: =C11/B11 -> 7.6220402 | F11: =D11/B11 -> 21763.692 | G11: =F11/E11 -> 2855.3631
A12: 45536 | B12: 159637 | C12: 1222316 | D12: 3.5111842e+09 | E12: =C12/B12 -> 7.6568465 | F12: =D12/B12 -> 21994.802 | G12: =F12/E12 -> 2872.5667
A13: 45566 | B13: 161021 | C13: 1242250 | D13: 3.6075654e+09 | E13: =C13/B13 -> 7.7148322 | F13: =D13/B13 -> 22404.316 | G13: =F13/E13 -> 2904.0574
A14: 45597 | B14: 161977 | C14: 1241927 | D14: 3.6115436e+09 | E14: =C14/B14 -> 7.6673046 | F14: =D14/B14 -> 22296.644 | G14: =F14/E14 -> 2908.016
A15: 45627 | B15: 163225 | C15: 1244721 | D15: 3.5812806e+09 | E15: =C15/B15 -> 7.6257987 | F15: =D15/B15 -> 21940.76 | G15: =F15/E15 -> 2877.1753
... A23: 45870 | B23: 192447 | C23: 1469812 | D23: 4581549941 | E23: =C23/B23 -> 7.6374898 | F23: =D23/B23 -> 23806.814 | G23: =F23/E23 -> 3117.0993
A24: 45901 | B24: 197551 | C24: 1478422 | D24: 4589880919 | E24: =IFERROR(C24/B24,"") -> 7.4837485 | F24: =IFERROR(D24/B24,"") -> 23233.904 | G24: =IFERROR(F24/E24,"") -> 3104.581
A25: 45931 | B25: 203134 | C25: 1485677 | D25: 4618716072 | E25: =IFERROR(C25/B25,"") -> 7.3137781 | F25: =IFERROR(D25/B25,"") -> 22737.287 | G25: =IFERROR(F25/E25,"") -> 3108.8292
A26: 45962 | B26: 208519 | C26: 1496250 | D26: 4758989342 | E26: =IFERROR(C26/B26,"") -> 7.1756051 | F26: =IFERROR(D26/B26,"") -> 22822.809 | G26: =IFERROR(F26/E26,"") -> 3180.6111
A27: 45992 | B27: 209945 | C27: 1499247 | D27: 4773848583 | E27: =IFERROR(C27/B27,"") -> 7.1411417 | F27: =IFERROR(D27/B27,"") -> 22738.568 | G27: =IFERROR(F27/E27,"") -> 3184.1642
A28: 46023 | B28: 176500 | C28: 950547 | D28: 2963738595 | E28: =IFERROR(C28/B28,"") -> 5.3855354 | F28: =IFERROR(D28/B28,"") -> 16791.72 | G28: =IFERROR(F28/E28,"") -> 3117.9296
A29: 46054 | B29: 177460 | C29: 957175 | D29: 3002087775 | E29: =IFERROR(C29/B29,"") -> 5.3937507 | F29: =IFERROR(D29/B29,"") -> 16916.983 | G29: =IFERROR(F29/E29,"") -> 3136.4043
A30: 46082 | B30: 179725 | C30: 984462 | D30: 3155738475 | E30: =IFERROR(C30/B30,"") -> 5.4776019 | F30: =IFERROR(D30/B30,"") -> 17558.706 | G30: =IFERROR(F30/E30,"") -> 3205.5463
A31: 46113 | B31: 182519 | C31: 1009945 | D31: 3220834217 | E31: =IFERROR(C31/B31,"") -> 5.5333691 | F31: =IFERROR(D31/B31,"") -> 17646.569 | G31: =IFERROR(F31/E31,"") -> 3189.1184
A32: 46143 | B32: 183563 | C32: 1038563 | D32: 3392024598 | E32: =IFERROR(C32/B32,"") -> 5.6578014 | F32: =IFERROR(D32/B32,"") -> 18478.803 | G32: =IFERROR(F32/E32,"") -> 3266.0749
A33: 46174 | B33: 185615 | C33: 1044459 | D33: 3419280245 | E33: =IFERROR(C33/B33,"") -> 5.6270183 | F33: =IFERROR(D33/B33,"") -> 18421.357 | G33: =IFERROR(F33/E33,"") -> 3273.7333
A34: 46204 | B34: 185970 | C34: 1046858 | D34: 3416812887 | E34: =IFERROR(C34/B34,"") -> 5.6291767 | F34: =IFERROR(D34/B34,"") -> 18372.925 | G34: =IFERROR(F34/E34,"") -> 3263.8743
A35: 46235
A36: 46266
A37: 46296
A38: 46327
A39: 46357

Sheet PB
A2: Indicador Serasa Experian de Inadimplência das Empresas - Paraíba
A3: Mês | B3: Empresas Inadimplentes | C3: Dívidas Negativadas | D3: Dívidas Negativadas (R$) | E3: Dívida Média (por CNPJ) | F3: Dívida Média (R$) | G3: Ticket Médio (R$)
A4: 45292 | B4: 67028 | C4: 384386 | D4: 9.9076416e+08 | E4: =C4/B4 -> 5.7347079 | F4: =D4/B4 -> 14781.347 | G4: =F4/E4 -> 2577.524
A5: 45323 | B5: 67512 | C5: 387319 | D5: 1.0056053e+09 | E5: =C5/B5 -> 5.7370393 | F5: =D5/B5 -> 14895.208 | G5: =F5/E5 -> 2596.3232
A6: 45352 | B6: 68092 | C6: 394059 | D6: 1.0330925e+09 | E6: =C6/B6 -> 5.7871556 | F6: =D6/B6 -> 15172.009 | G6: =F6/E6 -> 2621.6695
A7: 45383 | B7: 68853 | C7: 398242 | D7: 1.056539e+09 | E7: =C7/B7 -> 5.7839455 | F7: =D7/B7 -> 15344.851 | G7: =F7/E7 -> 2653.0075
A8: 45413 | B8: 69181 | C8: 402746 | D8: 1.0818754e+09 | E8: =C8/B8 -> 5.8216273 | F8: =D8/B8 -> 15638.331 | G8: =F8/E8 -> 2686.2474
A9: 45444 | B9: 69837 | C9: 407346 | D9: 1.0981024e+09 | E9: =C9/B9 -> 5.8328107 | F9: =D9/B9 -> 15723.791 | G9: =F9/E9 -> 2695.7486
A10: 45474 | B10: 69317 | C10: 406908 | D10: 1.0896617e+09 | E10: =C10/B10 -> 5.8702483 | F10: =D10/B10 -> 15719.978 | G10: =F10/E10 -> 2677.9069
A11: 45505 | B11: 71246 | C11: 476288 | D11: 1.282897e+09 | E11: =C11/B11 -> 6.6851192 | F11: =D11/B11 -> 18006.583 | G11: =F11/E11 -> 2693.532
A12: 45536 | B12: 72166 | C12: 481020 | D12: 1.3222374e+09 | E12: =C12/B12 -> 6.6654657 | F12: =D12/B12 -> 18322.165 | G12: =F12/E12 -> 2748.8199
A13: 45566 | B13: 73787 | C13: 493005 | D13: 1.4041314e+09 | E13: =C13/B13 -> 6.6814615 | F13: =D13/B13 -> 19029.523 | G13: =F13/E13 -> 2848.1079
A14: 45597 | B14: 74986 | C14: 501531 | D14: 1.4365402e+09 | E14: =C14/B14 -> 6.6883285 | F14: =D14/B14 -> 19157.446 | G14: =F14/E14 -> 2864.31
A15: 45627 | B15: 74607 | C15: 497966 | D15: 1.4227727e+09 | E15: =C15/B15 -> 6.6745212 | F15: =D15/B15 -> 19070.231 | G15: =F15/E15 -> 2857.1684
... A23: 45870 | B23: 94070 | C23: 621093 | D23: 1986538406 | E23: =C23/B23 -> 6.6024556 | F23: =D23/B23 -> 21117.661 | G23: =F23/E23 -> 3198.4556
A24: 45901 | B24: 97546 | C24: 632492 | D24: 2029444412 | E24: =IFERROR(C24/B24,"") -> 6.4840383 | F24: =IFERROR(D24/B24,"") -> 20804.999 | G24: =IFERROR(F24/E24,"") -> 3208.6483
A25: 45931 | B25: 101652 | C25: 648609 | D25: 2091336445 | E25: =IFERROR(C25/B25,"") -> 6.3806811 | F25: =IFERROR(D25/B25,"") -> 20573.49 | G25: =IFERROR(F25/E25,"") -> 3224.3408
A26: 45962 | B26: 103756 | C26: 659808 | D26: 2178088586 | E26: =IFERROR(C26/B26,"") -> 6.3592274 | F26: =IFERROR(D26/B26,"") -> 20992.411 | G26: =IFERROR(F26/E26,"") -> 3301.0945
A27: 45992 | B27: 104664 | C27: 665338 | D27: 2208193488 | E27: =IFERROR(C27/B27,"") -> 6.3568944 | F27: =IFERROR(D27/B27,"") -> 21097.928 | G27: =IFERROR(F27/E27,"") -> 3318.9048
A28: 46023 | B28: 90050 | C28: 485776 | D28: 1509876316 | E28: =IFERROR(C28/B28,"") -> 5.3945142 | F28: =IFERROR(D28/B28,"") -> 16767.088 | G28: =IFERROR(F28/E28,"") -> 3108.174
A29: 46054 | B29: 90402 | C29: 488271 | D29: 1529667751 | E29: =IFERROR(C29/B29,"") -> 5.4011084 | F29: =IFERROR(D29/B29,"") -> 16920.729 | G29: =IFERROR(F29/E29,"") -> 3132.8253
A30: 46082 | B30: 91414 | C30: 501721 | D30: 1607186329 | E30: =IFERROR(C30/B30,"") -> 5.4884482 | F30: =IFERROR(D30/B30,"") -> 17581.403 | G30: =IFERROR(F30/E30,"") -> 3203.3467
A31: 46113 | B31: 91708 | C31: 504820 | D31: 1642173083 | E31: =IFERROR(C31/B31,"") -> 5.5046452 | F31: =IFERROR(D31/B31,"") -> 17906.541 | G31: =IFERROR(F31/E31,"") -> 3252.9874
A32: 46143 | B32: 91698 | C32: 514832 | D32: 1711916251 | E32: =IFERROR(C32/B32,"") -> 5.61443 | F32: =IFERROR(D32/B32,"") -> 18669.069 | G32: =IFERROR(F32/E32,"") -> 3325.1939
A33: 46174 | B33: 92381 | C33: 516779 | D33: 1729446836 | E33: =IFERROR(C33/B33,"") -> 5.5939966 | F33: =IFERROR(D33/B33,"") -> 18720.807 | G33: =IFERROR(F33/E33,"") -> 3346.5888
A34: 46204 | B34: 92498 | C34: 520002 | D34: 1739054280 | E34: =IFERROR(C34/B34,"") -> 5.6217648 | F34: =IFERROR(D34/B34,"") -> 18800.993 | G34: =IFERROR(F34/E34,"") -> 3344.3223
A35: 46235
A36: 46266
A37: 46296
A38: 46327
A39: 46357

Sheet PE
A2: Indicador Serasa Experian de Inadimplência das Empresas - Pernambuco
A3: Mês | B3: Empresas Inadimplentes | C3: Dívidas Negativadas | D3: Dívidas Negativadas (R$) | E3: Dívida Média (por CNPJ) | F3: Dívida Média (R$) | G3: Ticket Médio (R$)
A4: 45292 | B4: 201594 | C4: 1100509 | D4: 2.9981731e+09 | E4: =C4/B4 -> 5.4590365 | F4: =D4/B4 -> 14872.333 | G4: =F4/E4 -> 2724.3513
A5: 45323 | B5: 201963 | C5: 1127675 | D5: 3.1062727e+09 | E5: =C5/B5 -> 5.5835722 | F5: =D5/B5 -> 15380.405 | G5: =F5/E5 -> 2754.5815
A6: 45352 | B6: 202216 | C6: 1153307 | D6: 3.2473621e+09 | E6: =C6/B6 -> 5.703342 | F6: =D6/B6 -> 16058.878 | G6: =F6/E6 -> 2815.6961
A7: 45383 | B7: 203602 | C7: 1166825 | D7: 3.3364578e+09 | E7: =C7/B7 -> 5.7309113 | F7: =D7/B7 -> 16387.156 | G7: =F7/E7 -> 2859.4329
A8: 45413 | B8: 204649 | C8: 1180879 | D8: 3.4508692e+09 | E8: =C8/B8 -> 5.7702652 | F8: =D8/B8 -> 16862.38 | G8: =F8/E8 -> 2922.2885
A9: 45444 | B9: 203305 | C9: 1141056 | D9: 3.3034035e+09 | E9: =C9/B9 -> 5.6125329 | F9: =D9/B9 -> 16248.511 | G9: =F9/E9 -> 2895.0407
A10: 45474 | B10: 202220 | C10: 1135848 | D10: 3.2857777e+09 | E10: =C10/B10 -> 5.6168925 | F10: =D10/B10 -> 16248.53 | G10: =F10/E10 -> 2892.797
A11: 45505 | B11: 201472 | C11: 1145533 | D11: 3.3686372e+09 | E11: =C11/B11 -> 5.6858174 | F11: =D11/B11 -> 16720.126 | G11: =F11/E11 -> 2940.6723
A12: 45536 | B12: 201508 | C12: 1158584 | D12: 3.452774e+09 | E12: =C12/B12 -> 5.7495683 | F12: =D12/B12 -> 17134.675 | G12: =F12/E12 -> 2980.1672
A13: 45566 | B13: 198953 | C13: 1170254 | D13: 3.5702773e+09 | E13: =C13/B13 -> 5.8820626 | F13: =D13/B13 -> 17945.33 | G13: =F13/E13 -> 3050.8567
A14: 45597 | B14: 198031 | C14: 1121938 | D14: 3.3774526e+09 | E14: =C14/B14 -> 5.6654665 | F14: =D14/B14 -> 17055.171 | G14: =F14/E14 -> 3010.3737
A15: 45627 | B15: 192231 | C15: 1093102 | D15: 3.3169719e+09 | E15: =C15/B15 -> 5.6863981 | F15: =D15/B15 -> 17255.135 | G15: =F15/E15 -> 3034.4578
... A23: 45870 | B23: 221433 | C23: 1317254 | D23: 4410668229 | E23: =C23/B23 -> 5.9487701 | F23: =D23/B23 -> 19918.748 | G23: =F23/E23 -> 3348.381
A24: 45901 | B24: 227301 | C24: 1329791 | D24: 4447731464 | E24: =IFERROR(C24/B24,"") -> 5.8503526 | F24: =IFERROR(D24/B24,"") -> 19567.584 | G24: =IFERROR(F24/E24,"") -> 3344.6846
A25: 45931 | B25: 236156 | C25: 1361197 | D25: 4530136722 | E25: =IFERROR(C25/B25,"") -> 5.7639738 | F25: =IFERROR(D25/B25,"") -> 19182.814 | G25: =IFERROR(F25/E25,"") -> 3328.0537
A26: 45962 | B26: 243765 | C26: 1389877 | D26: 4718499465 | E26: =IFERROR(C26/B26,"") -> 5.7017086 | F26: =IFERROR(D26/B26,"") -> 19356.755 | G26: =IFERROR(F26/E26,"") -> 3394.9043
A27: 45992 | B27: 242775 | C27: 1396048 | D27: 4741374021 | E27: =IFERROR(C27/B27,"") -> 5.7503779 | F27: =IFERROR(D27/B27,"") -> 19529.91 | G27: =IFERROR(F27/E27,"") -> 3396.283
A28: 46023 | B28: 208948 | C28: 1034781 | D28: 3161496920 | E28: =IFERROR(C28/B28,"") -> 4.9523374 | F28: =IFERROR(D28/B28,"") -> 15130.544 | G28: =IFERROR(F28/E28,"") -> 3055.2329
A29: 46054 | B29: 211014 | C29: 1042601 | D29: 3197806953 | E29: =IFERROR(C29/B29,"") -> 4.9409091 | F29: =IFERROR(D29/B29,"") -> 15154.478 | G29: =IFERROR(F29/E29,"") -> 3067.1436
A30: 46082 | B30: 211005 | C30: 1064817 | D30: 3325596266 | E30: =IFERROR(C30/B30,"") -> 5.0464065 | F30: =IFERROR(D30/B30,"") -> 15760.746 | G30: =IFERROR(F30/E30,"") -> 3123.1623
A31: 46113 | B31: 212110 | C31: 1075438 | D31: 3382714542 | E31: =IFERROR(C31/B31,"") -> 5.07019 | F31: =IFERROR(D31/B31,"") -> 15947.926 | G31: =IFERROR(F31/E31,"") -> 3145.4296
A32: 46143 | B32: 214259 | C32: 1101309 | D32: 3548030327 | E32: =IFERROR(C32/B32,"") -> 5.1400828 | F32: =IFERROR(D32/B32,"") -> 16559.539 | G32: =IFERROR(F32/E32,"") -> 3221.6484
A33: 46174 | B33: 216291 | C33: 1110512 | D33: 3583255641 | E33: =IFERROR(C33/B33,"") -> 5.1343422 | F33: =IFERROR(D33/B33,"") -> 16566.827 | G33: =IFERROR(F33/E33,"") -> 3226.6699
A34: 46204 | B34: 217108 | C34: 1112718 | D34: 3567241843 | E34: =IFERROR(C34/B34,"") -> 5.1251819 | F34: =IFERROR(D34/B34,"") -> 16430.725 | G34: =IFERROR(F34/E34,"") -> 3205.8813
A35: 46235
A36: 46266
A37: 46296
A38: 46327
A39: 46357

Sheet PI
A2: Indicador Serasa Experian de Inadimplência das Empresas - Piauí
A3: Mês | B3: Empresas Inadimplentes | C3: Dívidas Negativadas | D3: Dívidas Negativadas (R$) | E3: Dívida Média (por CNPJ) | F3: Dívida Média (R$) | G3: Ticket Médio (R$)
A4: 45292 | B4: 43956 | C4: 242463 | D4: 6.8097359e+08 | E4: =C4/B4 -> 5.5160388 | F4: =D4/B4 -> 15492.165 | G4: =F4/E4 -> 2808.567
A5: 45323 | B5: 44023 | C5: 244099 | D5: 6.956699e+08 | E5: =C5/B5 -> 5.5448061 | F5: =D5/B5 -> 15802.419 | G5: =F5/E5 -> 2849.9498
A6: 45352 | B6: 44548 | C6: 253337 | D6: 7.3180737e+08 | E6: =C6/B6 -> 5.6868322 | F6: =D6/B6 -> 16427.39 | G6: =F6/E6 -> 2888.6715
A7: 45383 | B7: 44697 | C7: 254370 | D7: 7.5289107e+08 | E7: =C7/B7 -> 5.690986 | F7: =D7/B7 -> 16844.331 | G7: =F7/E7 -> 2959.8265
A8: 45413 | B8: 45501 | C8: 258444 | D8: 7.7731905e+08 | E8: =C8/B8 -> 5.6799631 | F8: =D8/B8 -> 17083.56 | G8: =F8/E8 -> 3007.6885
A9: 45444 | B9: 45629 | C9: 258975 | D9: 8.055262e+08 | E9: =C9/B9 -> 5.6756668 | F9: =D9/B9 -> 17653.821 | G9: =F9/E9 -> 3110.44
A10: 45474 | B10: 45277 | C10: 256521 | D10: 7.9548483e+08 | E10: =C10/B10 -> 5.6655918 | F10: =D10/B10 -> 17569.292 | G10: =F10/E10 -> 3101.0515
A11: 45505 | B11: 45632 | C11: 260202 | D11: 8.2259668e+08 | E11: =C11/B11 -> 5.7021827 | F11: =D11/B11 -> 18026.751 | G11: =F11/E11 -> 3161.3772
A12: 45536 | B12: 45719 | C12: 262162 | D12: 8.3771731e+08 | E12: =C12/B12 -> 5.7342024 | F12: =D12/B12 -> 18323.177 | G12: =F12/E12 -> 3195.4185
A13: 45566 | B13: 46392 | C13: 268149 | D13: 8.7779695e+08 | E13: =C13/B13 -> 5.7800698 | F13: =D13/B13 -> 18921.3 | G13: =F13/E13 -> 3273.5418
A14: 45597 | B14: 46506 | C14: 251866 | D14: 8.004836e+08 | E14: =C14/B14 -> 5.4157743 | F14: =D14/B14 -> 17212.48 | G14: =F14/E14 -> 3178.2122
A15: 45627 | B15: 46833 | C15: 253073 | D15: 8.1152825e+08 | E15: =C15/B15 -> 5.4037324 | F15: =D15/B15 -> 17328.129 | G15: =F15/E15 -> 3206.6963
... A23: 45870 | B23: 53567 | C23: 293384 | D23: 984608339 | E23: =C23/B23 -> 5.4769541 | F23: =D23/B23 -> 18380.875 | G23: =F23/E23 -> 3356.0397
A24: 45901 | B24: 54901 | C24: 298140 | D24: 994731993 | E24: =IFERROR(C24/B24,"") -> 5.4305022 | F24: =IFERROR(D24/B24,"") -> 18118.65 | G24: =IFERROR(F24/E24,"") -> 3336.4594
A25: 45931 | B25: 56762 | C25: 307193 | D25: 1018484241 | E25: =IFERROR(C25/B25,"") -> 5.4119481 | F25: =IFERROR(D25/B25,"") -> 17943.065 | G25: =IFERROR(F25/E25,"") -> 3315.4539
A26: 45962 | B26: 58039 | C26: 310981 | D26: 1081237731 | E26: =IFERROR(C26/B26,"") -> 5.3581385 | F26: =IFERROR(D26/B26,"") -> 18629.503 | G26: =IFERROR(F26/E26,"") -> 3476.8611
A27: 45992 | B27: 58475 | C27: 312672 | D27: 1091145336 | E27: =IFERROR(C27/B27,"") -> 5.3471056 | F27: =IFERROR(D27/B27,"") -> 18660.031 | G27: =IFERROR(F27/E27,"") -> 3489.7443
A28: 46023 | B28: 56393 | C28: 282128 | D28: 930922728 | E28: =IFERROR(C28/B28,"") -> 5.0028904 | F28: =IFERROR(D28/B28,"") -> 16507.771 | G28: =IFERROR(F28/E28,"") -> 3299.6467
A29: 46054 | B29: 56789 | C29: 284674 | D29: 943605279 | E29: =IFERROR(C29/B29,"") -> 5.012837 | F29: =IFERROR(D29/B29,"") -> 16615.987 | G29: =IFERROR(F29/E29,"") -> 3314.6873
A30: 46082 | B30: 57342 | C30: 291790 | D30: 981886182 | E30: =IFERROR(C30/B30,"") -> 5.0885913 | F30: =IFERROR(D30/B30,"") -> 17123.333 | G30: =IFERROR(F30/E30,"") -> 3365.044
A31: 46113 | B31: 58026 | C31: 297965 | D31: 1005745306 | E31: =IFERROR(C31/B31,"") -> 5.1350257 | F31: =IFERROR(D31/B31,"") -> 17332.666 | G31: =IFERROR(F31/E31,"") -> 3375.3807
A32: 46143 | B32: 58038 | C32: 300885 | D32: 1050647763 | E32: =IFERROR(C32/B32,"") -> 5.1842758 | F32: =IFERROR(D32/B32,"") -> 18102.756 | G32: =IFERROR(F32/E32,"") -> 3491.8582
A33: 46174 | B33: 58488 | C33: 302846 | D33: 1061524808 | E33: =IFERROR(C33/B33,"") -> 5.1779168 | F33: =IFERROR(D33/B33,"") -> 18149.446 | G33: =IFERROR(F33/E33,"") -> 3505.1637
A34: 46204 | B34: 58400 | C34: 300432 | D34: 1039196931 | E34: =IFERROR(C34/B34,"") -> 5.1443836 | F34: =IFERROR(D34/B34,"") -> 17794.468 | G34: =IFERROR(F34/E34,"") -> 3459.0088
A35: 46235
A36: 46266
A37: 46296
A38: 46327
A39: 46357

Sheet PR
A2: Indicador Serasa Experian de Inadimplência das Empresas - Paraná
A3: Mês | B3: Empresas Inadimplentes | C3: Dívidas Negativadas | D3: Dívidas Negativadas (R$) | E3: Dívida Média (por CNPJ) | F3: Dívida Média (R$) | G3: Ticket Médio (R$)
A4: 45292 | B4: 423169 | C4: 3285707 | D4: 8.2862789e+09 | E4: =C4/B4 -> 7.7645267 | F4: =D4/B4 -> 19581.488 | G4: =F4/E4 -> 2521.9165
A5: 45323 | B5: 422405 | C5: 3295284 | D5: 8.4308736e+09 | E5: =C5/B5 -> 7.8012429 | F5: =D5/B5 -> 19959.218 | G5: =F5/E5 -> 2558.4664
A6: 45352 | B6: 425669 | C6: 3359091 | D6: 8.7703097e+09 | E6: =C6/B6 -> 7.8913217 | F6: =D6/B6 -> 20603.59 | G6: =F6/E6 -> 2610.9176
A7: 45383 | B7: 429338 | C7: 3405063 | D7: 9.0909862e+09 | E7: =C7/B7 -> 7.9309612 | F7: =D7/B7 -> 21174.427 | G7: =F7/E7 -> 2669.8438
A8: 45413 | B8: 430379 | C8: 3454520 | D8: 9.4280564e+09 | E8: =C8/B8 -> 8.0266928 | F8: =D8/B8 -> 21906.404 | G8: =F8/E8 -> 2729.1943
A9: 45444 | B9: 432128 | C9: 3465261 | D9: 9.5777145e+09 | E9: =C9/B9 -> 8.0190615 | F9: =D9/B9 -> 22164.068 | G9: =F9/E9 -> 2763.923
A10: 45474 | B10: 431437 | C10: 3466512 | D10: 9.6578154e+09 | E10: =C10/B10 -> 8.0348046 | F10: =D10/B10 -> 22385.228 | G10: =F10/E10 -> 2786.0326
A11: 45505 | B11: 429173 | C11: 3484742 | D11: 9.815575e+09 | E11: =C11/B11 -> 8.1196674 | F11: =D11/B11 -> 22870.905 | G11: =F11/E11 -> 2816.7293
A12: 45536 | B12: 429613 | C12: 3500568 | D12: 1.0010936e+10 | E12: =C12/B12 -> 8.1481892 | F12: =D12/B12 -> 23302.219 | G12: =F12/E12 -> 2859.8033
A13: 45566 | B13: 433542 | C13: 3557377 | D13: 1.0370034e+10 | E13: =C13/B13 -> 8.2053803 | F13: =D13/B13 -> 23919.331 | G13: =F13/E13 -> 2915.0789
A14: 45597 | B14: 430711 | C14: 3468997 | D14: 1.0155916e+10 | E14: =C14/B14 -> 8.0541175 | F14: =D14/B14 -> 23579.421 | G14: =F14/E14 -> 2927.6232
A15: 45627 | B15: 427868 | C15: 3434460 | D15: 9.841682e+09 | E15: =C15/B15 -> 8.0269148 | F15: =D15/B15 -> 23001.678 | G15: =F15/E15 -> 2865.569
... A23: 45870 | B23: 511576 | C23: 4263841 | D23: 13818129264 | E23: =C23/B23 -> 8.3347166 | F23: =D23/B23 -> 27010.902 | G23: =F23/E23 -> 3240.7703
A24: 45901 | B24: 528543 | C24: 4296350 | D24: 13965404329 | E24: =IFERROR(C24/B24,"") -> 8.1286669 | F24: =IFERROR(D24/B24,"") -> 26422.456 | G24: =IFERROR(F24/E24,"") -> 3250.5276
A25: 45931 | B25: 545408 | C25: 4364641 | D25: 14219576373 | E25: =IFERROR(C25/B25,"") -> 8.0025247 | F25: =IFERROR(D25/B25,"") -> 26071.448 | G25: =IFERROR(F25/E25,"") -> 3257.9029
A26: 45962 | B26: 559910 | C26: 4429889 | D26: 14617837032 | E26: =IFERROR(C26/B26,"") -> 7.9117876 | F26: =IFERROR(D26/B26,"") -> 26107.476 | G26: =IFERROR(F26/E26,"") -> 3299.8202
A27: 45992 | B27: 562883 | C27: 4457365 | D27: 14803286097 | E27: =IFERROR(C27/B27,"") -> 7.9188126 | F27: =IFERROR(D27/B27,"") -> 26299.046 | G27: =IFERROR(F27/E27,"") -> 3321.0846
A28: 46023 | B28: 569809 | C28: 4509503 | D28: 15049636791 | E28: =IFERROR(C28/B28,"") -> 7.9140607 | F28: =IFERROR(D28/B28,"") -> 26411.722 | G28: =IFERROR(F28/E28,"") -> 3337.3161
A29: 46054 | B29: 577744 | C29: 4557162 | D29: 15324264436 | E29: =IFERROR(C29/B29,"") -> 7.8878569 | F29: =IFERROR(D29/B29,"") -> 26524.316 | G29: =IFERROR(F29/E29,"") -> 3362.6771
A30: 46082 | B30: 582437 | C30: 4670164 | D30: 16025675187 | E30: =IFERROR(C30/B30,"") -> 8.0183161 | F30: =IFERROR(D30/B30,"") -> 27514.865 | G30: =IFERROR(F30/E30,"") -> 3431.5016
A31: 46113 | B31: 588935 | C31: 4811120 | D31: 16754719966 | E31: =IFERROR(C31/B31,"") -> 8.1691868 | F31: =IFERROR(D31/B31,"") -> 28449.184 | G31: =IFERROR(F31/E31,"") -> 3482.4989
A32: 46143 | B32: 593565 | C32: 4960917 | D32: 17548531577 | E32: =IFERROR(C32/B32,"") -> 8.3578328 | F32: =IFERROR(D32/B32,"") -> 29564.633 | G32: =IFERROR(F32/E32,"") -> 3537.3564
A33: 46174 | B33: 601986 | C33: 5035550 | D33: 17857319448 | E33: =IFERROR(C33/B33,"") -> 8.3648955 | F33: =IFERROR(D33/B33,"") -> 29664.011 | G33: =IFERROR(F33/E33,"") -> 3546.2501
A34: 46204 | B34: 607497 | C34: 5127974 | D34: 18428165727 | E34: =IFERROR(C34/B34,"") -> 8.4411511 | F34: =IFERROR(D34/B34,"") -> 30334.579 | G34: =IFERROR(F34/E34,"") -> 3593.6543
A35: 46235
A36: 46266
A37: 46296
A38: 46327
A39: 46357

Sheet RJ
A2: Indicador Serasa Experian de Inadimplência das Empresas - Rio de Janeiro
A3: Mês | B3: Empresas Inadimplentes | C3: Dívidas Negativadas | D3: Dívidas Negativadas (R$) | E3: Dívida Média (por CNPJ) | F3: Dívida Média (R$) | G3: Ticket Médio (R$)
A4: 45292 | B4: 604940 | C4: 3527946 | D4: 1.0717268e+10 | E4: =C4/B4 -> 5.8318941 | F4: =D4/B4 -> 17716.25 | G4: =F4/E4 -> 3037.821
A5: 45323 | B5: 599517 | C5: 3526306 | D5: 1.0875822e+10 | E5: =C5/B5 -> 5.8819116 | F5: =D5/B5 -> 18140.974 | G5: =F5/E5 -> 3084.197
A6: 45352 | B6: 600101 | C6: 3563400 | D6: 1.1110757e+10 | E6: =C6/B6 -> 5.9380004 | F6: =D6/B6 -> 18514.812 | G6: =F6/E6 -> 3118.0212
A7: 45383 | B7: 609911 | C7: 3617132 | D7: 1.1419735e+10 | E7: =C7/B7 -> 5.9305899 | F7: =D7/B7 -> 18723.61 | G7: =F7/E7 -> 3157.1243
A8: 45413 | B8: 609177 | C8: 3676532 | D8: 1.185709e+10 | E8: =C8/B8 -> 6.0352443 | F8: =D8/B8 -> 19464.113 | G8: =F8/E8 -> 3225.0745
A9: 45444 | B9: 613797 | C9: 3720616 | D9: 1.2177016e+10 | E9: =C9/B9 -> 6.0616393 | F9: =D9/B9 -> 19838.833 | G9: =F9/E9 -> 3272.8496
A10: 45474 | B10: 616914 | C10: 3744804 | D10: 1.2317941e+10 | E10: =C10/B10 -> 6.0702205 | F10: =D10/B10 -> 19967.031 | G10: =F10/E10 -> 3289.3419
A11: 45505 | B11: 613723 | C11: 3770267 | D11: 1.2518658e+10 | E11: =C11/B11 -> 6.1432715 | F11: =D11/B11 -> 20397.896 | G11: =F11/E11 -> 3320.3637
A12: 45536 | B12: 617081 | C12: 3826145 | D12: 1.2868335e+10 | E12: =C12/B12 -> 6.2003935 | F12: =D12/B12 -> 20853.56 | G12: =F12/E12 -> 3363.2639
A13: 45566 | B13: 617861 | C13: 3865044 | D13: 1.3308346e+10 | E13: =C13/B13 -> 6.2555235 | F13: =D13/B13 -> 21539.385 | G13: =F13/E13 -> 3443.2586
A14: 45597 | B14: 622126 | C14: 3899844 | D14: 1.35097e+10 | E14: =C14/B14 -> 6.2685758 | F14: =D14/B14 -> 21715.376 | G14: =F14/E14 -> 3464.1642
A15: 45627 | B15: 615024 | C15: 3878432 | D15: 1.3322094e+10 | E15: =C15/B15 -> 6.3061474 | F15: =D15/B15 -> 21661.095 | G15: =F15/E15 -> 3434.9174
... A23: 45870 | B23: 743436 | C23: 4556342 | D23: 16808818697 | E23: =C23/B23 -> 6.1287616 | F23: =D23/B23 -> 22609.638 | G23: =F23/E23 -> 3689.1038
A24: 45901 | B24: 769989 | C24: 4622647 | D24: 17045232605 | E24: =IFERROR(C24/B24,"") -> 6.0035234 | F24: =IFERROR(D24/B24,"") -> 22136.982 | G24: =IFERROR(F24/E24,"") -> 3687.3317
A25: 45931 | B25: 803244 | C25: 4726503 | D25: 17346387691 | E25: =IFERROR(C25/B25,"") -> 5.884268 | F25: =IFERROR(D25/B25,"") -> 21595.415 | G25: =IFERROR(F25/E25,"") -> 3670.0257
A26: 45962 | B26: 824158 | C26: 4796299 | D26: 17800251395 | E26: =IFERROR(C26/B26,"") -> 5.8196353 | F26: =IFERROR(D26/B26,"") -> 21598.105 | G26: =IFERROR(F26/E26,"") -> 3711.2472
A27: 45992 | B27: 838828 | C27: 4878412 | D27: 18205319246 | E27: =IFERROR(C27/B27,"") -> 5.8157477 | F27: =IFERROR(D27/B27,"") -> 21703.28 | G27: =IFERROR(F27/E27,"") -> 3731.8126
A28: 46023 | B28: 846161 | C28: 4911187 | D28: 18396835159 | E28: =IFERROR(C28/B28,"") -> 5.804081 | F28: =IFERROR(D28/B28,"") -> 21741.53 | G28: =IFERROR(F28/E28,"") -> 3745.904
A29: 46054 | B29: 856462 | C29: 4971893 | D29: 18736845576 | E29: =IFERROR(C29/B29,"") -> 5.8051531 | F29: =IFERROR(D29/B29,"") -> 21877.031 | G29: =IFERROR(F29/E29,"") -> 3768.5537
A30: 46082 | B30: 860493 | C30: 5040243 | D30: 19401304795 | E30: =IFERROR(C30/B30,"") -> 5.8573899 | F30: =IFERROR(D30/B30,"") -> 22546.732 | G30: =IFERROR(F30/E30,"") -> 3849.2796
A31: 46113 | B31: 864722 | C31: 5120962 | D31: 20028920906 | E31: =IFERROR(C31/B31,"") -> 5.9220906 | F31: =IFERROR(D31/B31,"") -> 23162.266 | G31: =IFERROR(F31/E31,"") -> 3911.1637
A32: 46143 | B32: 869138 | C32: 5223898 | D32: 20753731886 | E32: =IFERROR(C32/B32,"") -> 6.0104356 | F32: =IFERROR(D32/B32,"") -> 23878.523 | G32: =IFERROR(F32/E32,"") -> 3972.844
A33: 46174 | B33: 874385 | C33: 5257131 | D33: 20879191717 | E33: =IFERROR(C33/B33,"") -> 6.0123756 | F33: =IFERROR(D33/B33,"") -> 23878.717 | G33: =IFERROR(F33/E33,"") -> 3971.5943
A34: 46204 | B34: 870189 | C34: 5304296 | D34: 21272735514 | E34: =IFERROR(C34/B34,"") -> 6.0955677 | F34: =IFERROR(D34/B34,"") -> 24446.109 | G34: =IFERROR(F34/E34,"") -> 4010.4729
A35: 46235
A36: 46266
A37: 46296
A38: 46327
A39: 46357

Sheet RN
A2: Indicador Serasa Experian de Inadimplência das Empresas - Rio Grande do Norte
A3: Mês | B3: Empresas Inadimplentes | C3: Dívidas Negativadas | D3: Dívidas Negativadas (R$) | E3: Dívida Média (por CNPJ) | F3: Dívida Média (R$) | G3: Ticket Médio (R$)
A4: 45292 | B4: 71599 | C4: 465759 | D4: 1.3214689e+09 | E4: =C4/B4 -> 6.5051048 | F4: =D4/B4 -> 18456.527 | G4: =F4/E4 -> 2837.2374
A5: 45323 | B5: 72313 | C5: 469411 | D5: 1.3459907e+09 | E5: =C5/B5 -> 6.4913778 | F5: =D5/B5 -> 18613.398 | G5: =F5/E5 -> 2867.4034
A6: 45352 | B6: 72618 | C6: 476183 | D6: 1.3916818e+09 | E6: =C6/B6 -> 6.5573687 | F6: =D6/B6 -> 19164.419 | G6: =F6/E6 -> 2922.5776
A7: 45383 | B7: 72905 | C7: 483729 | D7: 1.4327823e+09 | E7: =C7/B7 -> 6.6350593 | F7: =D7/B7 -> 19652.731 | G7: =F7/E7 -> 2961.9525
A8: 45413 | B8: 73349 | C8: 488700 | D8: 1.4838522e+09 | E8: =C8/B8 -> 6.6626675 | F8: =D8/B8 -> 20230.026 | G8: =F8/E8 -> 3036.3253
A9: 45444 | B9: 73711 | C9: 490976 | D9: 1.5042658e+09 | E9: =C9/B9 -> 6.660824 | F9: =D9/B9 -> 20407.616 | G9: =F9/E9 -> 3063.8275
A10: 45474 | B10: 73324 | C10: 490072 | D10: 1.5148684e+09 | E10: =C10/B10 -> 6.6836506 | F10: =D10/B10 -> 20659.925 | G10: =F10/E10 -> 3091.1139
A11: 45505 | B11: 73445 | C11: 494224 | D11: 1.5340525e+09 | E11: =C11/B11 -> 6.7291715 | F11: =D11/B11 -> 20887.092 | G11: =F11/E11 -> 3103.962
A12: 45536 | B12: 73677 | C12: 497820 | D12: 1.5646916e+09 | E12: =C12/B12 -> 6.7567898 | F12: =D12/B12 -> 21237.178 | G12: =F12/E12 -> 3143.087
A13: 45566 | B13: 74192 | C13: 505171 | D13: 1.611348e+09 | E13: =C13/B13 -> 6.8089686 | F13: =D13/B13 -> 21718.622 | G13: =F13/E13 -> 3189.708
A14: 45597 | B14: 74790 | C14: 507836 | D14: 1.6258959e+09 | E14: =C14/B14 -> 6.7901591 | F14: =D14/B14 -> 21739.482 | G14: =F14/E14 -> 3201.6161
A15: 45627 | B15: 73653 | C15: 502774 | D15: 1.6001393e+09 | E15: =C15/B15 -> 6.8262528 | F15: =D15/B15 -> 21725.378 | G15: =F15/E15 -> 3182.6214
... A23: 45870 | B23: 87484 | C23: 596033 | D23: 2041370958 | E23: =C23/B23 -> 6.8130515 | F23: =D23/B23 -> 23334.221 | G23: =F23/E23 -> 3424.9294
A24: 45901 | B24: 90111 | C24: 600996 | D24: 2068397584 | E24: =IFERROR(C24/B24,"") -> 6.6695076 | F24: =IFERROR(D24/B24,"") -> 22953.886 | G24: =IFERROR(F24/E24,"") -> 3441.6162
A25: 45931 | B25: 93233 | C25: 611918 | D25: 2100889257 | E25: =IFERROR(C25/B25,"") -> 6.5633199 | F25: =IFERROR(D25/B25,"") -> 22533.752 | G25: =IFERROR(F25/E25,"") -> 3433.2856
A26: 45962 | B26: 95002 | C26: 618795 | D26: 2147681204 | E26: =IFERROR(C26/B26,"") -> 6.5134945 | F26: =IFERROR(D26/B26,"") -> 22606.695 | G26: =IFERROR(F26/E26,"") -> 3470.7475
A27: 45992 | B27: 96133 | C27: 623283 | D27: 2170291497 | E27: =IFERROR(C27/B27,"") -> 6.4835488 | F27: =IFERROR(D27/B27,"") -> 22575.926 | G27: =IFERROR(F27/E27,"") -> 3482.0322
A28: 46023 | B28: 89020 | C28: 539872 | D28: 1784699221 | E28: =IFERROR(C28/B28,"") -> 6.0646147 | F28: =IFERROR(D28/B28,"") -> 20048.295 | G28: =IFERROR(F28/E28,"") -> 3305.7822
A29: 46054 | B29: 90093 | C29: 545770 | D29: 1821296038 | E29: =IFERROR(C29/B29,"") -> 6.0578513 | F29: =IFERROR(D29/B29,"") -> 20215.733 | G29: =IFERROR(F29/E29,"") -> 3337.1128
A30: 46082 | B30: 90436 | C30: 556026 | D30: 1884683587 | E30: =IFERROR(C30/B30,"") -> 6.1482817 | F30: =IFERROR(D30/B30,"") -> 20839.971 | G30: =IFERROR(F30/E30,"") -> 3389.5602
A31: 46113 | B31: 91392 | C31: 565951 | D31: 1936735991 | E31: =IFERROR(C31/B31,"") -> 6.1925661 | F31: =IFERROR(D31/B31,"") -> 21191.527 | G31: =IFERROR(F31/E31,"") -> 3422.0913
A32: 46143 | B32: 91908 | C32: 577270 | D32: 2024735025 | E32: =IFERROR(C32/B32,"") -> 6.2809549 | F32: =IFERROR(D32/B32,"") -> 22030.019 | G32: =IFERROR(F32/E32,"") -> 3507.4316
A33: 46174 | B33: 92167 | C33: 575548 | D33: 2035345608 | E33: =IFERROR(C33/B33,"") -> 6.2446212 | F33: =IFERROR(D33/B33,"") -> 22083.236 | G33: =IFERROR(F33/E33,"") -> 3536.3612
A34: 46204 | B34: 92360 | C34: 575972 | D34: 2073638752 | E34: =IFERROR(C34/B34,"") -> 6.2361628 | F34: =IFERROR(D34/B34,"") -> 22451.697 | G34: =IFERROR(F34/E34,"") -> 3600.2423
A35: 46235
A36: 46266
A37: 46296
A38: 46327
A39: 46357

Sheet RO
A2: Indicador Serasa Experian de Inadimplência das Empresas - Rondônia
A3: Mês | B3: Empresas Inadimplentes | C3: Dívidas Negativadas | D3: Dívidas Negativadas (R$) | E3: Dívida Média (por CNPJ) | F3: Dívida Média (R$) | G3: Ticket Médio (R$)
A4: 45292 | B4: 53543 | C4: 409640 | D4: 1.0689533e+09 | E4: =C4/B4 -> 7.6506733 | F4: =D4/B4 -> 19964.388 | G4: =F4/E4 -> 2609.4943
A5: 45323 | B5: 53563 | C5: 409789 | D5: 1.0772677e+09 | E5: =C5/B5 -> 7.6505984 | F5: =D5/B5 -> 20112.161 | G5: =F5/E5 -> 2628.8351
A6: 45352 | B6: 53967 | C6: 414251 | D6: 1.0993587e+09 | E6: =C6/B6 -> 7.6760057 | F6: =D6/B6 -> 20370.944 | G6: =F6/E6 -> 2653.8469
A7: 45383 | B7: 54722 | C7: 421382 | D7: 1.1415123e+09 | E7: =C7/B7 -> 7.700413 | F7: =D7/B7 -> 20860.208 | G7: =F7/E7 -> 2708.9726
A8: 45413 | B8: 54260 | C8: 425265 | D8: 1.165492e+09 | E8: =C8/B8 -> 7.8375415 | F8: =D8/B8 -> 21479.764 | G8: =F8/E8 -> 2740.6252
A9: 45444 | B9: 54514 | C9: 426762 | D9: 1.1885764e+09 | E9: =C9/B9 -> 7.8284844 | F9: =D9/B9 -> 21803.141 | G9: =F9/E9 -> 2785.1037
A10: 45474 | B10: 54331 | C10: 427787 | D10: 1.1939618e+09 | E10: =C10/B10 -> 7.8737185 | F10: =D10/B10 -> 21975.7 | G10: =F10/E10 -> 2791.0193
A11: 45505 | B11: 54981 | C11: 430564 | D11: 1.2047587e+09 | E11: =C11/B11 -> 7.8311417 | F11: =D11/B11 -> 21912.272 | G11: =F11/E11 -> 2798.0942
A12: 45536 | B12: 55277 | C12: 436337 | D12: 1.2227343e+09 | E12: =C12/B12 -> 7.8936447 | F12: =D12/B12 -> 22120.128 | G12: =F12/E12 -> 2802.2705
A13: 45566 | B13: 55559 | C13: 446091 | D13: 1.2628177e+09 | E13: =C13/B13 -> 8.0291402 | F13: =D13/B13 -> 22729.309 | G13: =F13/E13 -> 2830.8521
A14: 45597 | B14: 56178 | C14: 450798 | D14: 1.2797789e+09 | E14: =C14/B14 -> 8.024458 | F14: =D14/B14 -> 22780.784 | G14: =F14/E14 -> 2838.9188
A15: 45627 | B15: 51532 | C15: 374544 | D15: 1.0309405e+09 | E15: =C15/B15 -> 7.2681829 | F15: =D15/B15 -> 20005.83 | G15: =F15/E15 -> 2752.5216
... A23: 45870 | B23: 56267 | C23: 418131 | D23: 1271629112 | E23: =C23/B23 -> 7.4311941 | F23: =D23/B23 -> 22599.91 | G23: =F23/E23 -> 3041.2218
A24: 45901 | B24: 57540 | C24: 422761 | D24: 1279141230 | E24: =IFERROR(C24/B24,"") -> 7.3472541 | F24: =IFERROR(D24/B24,"") -> 22230.47 | G24: =IFERROR(F24/E24,"") -> 3025.6841
A25: 45931 | B25: 59549 | C25: 433248 | D25: 1313782128 | E25: =IFERROR(C25/B25,"") -> 7.2754874 | F25: =IFERROR(D25/B25,"") -> 22062.203 | G25: =IFERROR(F25/E25,"") -> 3032.4021
A26: 45962 | B26: 60732 | C26: 435120 | D26: 1343209548 | E26: =IFERROR(C26/B26,"") -> 7.164592 | F26: =IFERROR(D26/B26,"") -> 22116.998 | G26: =IFERROR(F26/E26,"") -> 3086.9865
A27: 45992 | B27: 60949 | C27: 438176 | D27: 1352543440 | E27: =IFERROR(C27/B27,"") -> 7.1892238 | F27: =IFERROR(D27/B27,"") -> 22191.397 | G27: =IFERROR(F27/E27,"") -> 3086.7584
A28: 46023 | B28: 64579 | C28: 489249 | D28: 1507784722 | E28: =IFERROR(C28/B28,"") -> 7.5759767 | F28: =IFERROR(D28/B28,"") -> 23347.911 | G28: =IFERROR(F28/E28,"") -> 3081.8351
A29: 46054 | B29: 64955 | C29: 492813 | D29: 1533902010 | E29: =IFERROR(C29/B29,"") -> 7.586991 | F29: =IFERROR(D29/B29,"") -> 23614.841 | G29: =IFERROR(F29/E29,"") -> 3112.5437
A30: 46082 | B30: 65773 | C30: 502643 | D30: 1592398372 | E30: =IFERROR(C30/B30,"") -> 7.6420872 | F30: =IFERROR(D30/B30,"") -> 24210.518 | G30: =IFERROR(F30/E30,"") -> 3168.0504
A31: 46113 | B31: 65908 | C31: 507075 | D31: 1627868993 | E31: =IFERROR(C31/B31,"") -> 7.6936791 | F31: =IFERROR(D31/B31,"") -> 24699.111 | G31: =IFERROR(F31/E31,"") -> 3210.3121
A32: 46143 | B32: 66746 | C32: 519043 | D32: 1700204556 | E32: =IFERROR(C32/B32,"") -> 7.7763911 | F32: =IFERROR(D32/B32,"") -> 25472.756 | G32: =IFERROR(F32/E32,"") -> 3275.6526
A33: 46174 | B33: 66927 | C33: 521333 | D33: 1711425197 | E33: =IFERROR(C33/B33,"") -> 7.7895767 | F33: =IFERROR(D33/B33,"") -> 25571.521 | G33: =IFERROR(F33/E33,"") -> 3282.787
A34: 46204 | B34: 67445 | C34: 523580 | D34: 1707569440 | E34: =IFERROR(C34/B34,"") -> 7.7630662 | F34: =IFERROR(D34/B34,"") -> 25317.954 | G34: =IFERROR(F34/E34,"") -> 3261.3344
A35: 46235
A36: 46266
A37: 46296
A38: 46327
A39: 46357

Sheet RR
A2: Indicador Serasa Experian de Inadimplência das Empresas - Roraima
A3: Mês | B3: Empresas Inadimplentes | C3: Dívidas Negativadas | D3: Dívidas Negativadas (R$) | E3: Dívida Média (por CNPJ) | F3: Dívida Média (R$) | G3: Ticket Médio (R$)
A4: 45292 | B4: 9639 | C4: 57134 | D4: 1.5585347e+08 | E4: =C4/B4 -> 5.9273784 | F4: =D4/B4 -> 16169.05 | G4: =F4/E4 -> 2727.8586
A5: 45323 | B5: 9680 | C5: 57993 | D5: 1.6119228e+08 | E5: =C5/B5 -> 5.9910124 | F5: =D5/B5 -> 16652.095 | G5: =F5/E5 -> 2779.5127
A6: 45352 | B6: 9755 | C6: 59172 | D6: 1.6675749e+08 | E6: =C6/B6 -> 6.0658124 | F6: =D6/B6 -> 17094.566 | G6: =F6/E6 -> 2818.1825
A7: 45383 | B7: 9751 | C7: 59583 | D7: 1.715119e+08 | E7: =C7/B7 -> 6.1104502 | F7: =D7/B7 -> 17589.16 | G7: =F7/E7 -> 2878.5375
A8: 45413 | B8: 9840 | C8: 60069 | D8: 1.7538458e+08 | E8: =C8/B8 -> 6.1045732 | F8: =D8/B8 -> 17823.636 | G8: =F8/E8 -> 2919.7186
A9: 45444 | B9: 9887 | C9: 60100 | D9: 1.7880975e+08 | E9: =C9/B9 -> 6.0786892 | F9: =D9/B9 -> 18085.339 | G9: =F9/E9 -> 2975.2037
A10: 45474 | B10: 9833 | C10: 59696 | D10: 1.7606317e+08 | E10: =C10/B10 -> 6.0709855 | F10: =D10/B10 -> 17905.336 | G10: =F10/E10 -> 2949.3294
A11: 45505 | B11: 9803 | C11: 59974 | D11: 1.7793432e+08 | E11: =C11/B11 -> 6.1179231 | F11: =D11/B11 -> 18151.007 | G11: =F11/E11 -> 2966.8577
A12: 45536 | B12: 9863 | C12: 60134 | D12: 1.8257932e+08 | E12: =C12/B12 -> 6.0969279 | F12: =D12/B12 -> 18511.54 | G12: =F12/E12 -> 3036.2078
A13: 45566 | B13: 10040 | C13: 60845 | D13: 1.901296e+08 | E13: =C13/B13 -> 6.060259 | F13: =D13/B13 -> 18937.211 | G13: =F13/E13 -> 3124.8188
A14: 45597 | B14: 9992 | C14: 58396 | D14: 1.828274e+08 | E14: =C14/B14 -> 5.8442754 | F14: =D14/B14 -> 18297.378 | G14: =F14/E14 -> 3130.8207
A15: 45627 | B15: 10024 | C15: 57816 | D15: 1.8272653e+08 | E15: =C15/B15 -> 5.7677574 | F15: =D15/B15 -> 18228.904 | G15: =F15/E15 -> 3160.4838
... A23: 45870 | B23: 12042 | C23: 67932 | D23: 237826511 | E23: =C23/B23 -> 5.6412556 | F23: =D23/B23 -> 19749.752 | G23: =F23/E23 -> 3500.9496
A24: 45901 | B24: 12526 | C24: 68728 | D24: 239198886 | E24: =IFERROR(C24/B24,"") -> 5.4868274 | F24: =IFERROR(D24/B24,"") -> 19096.191 | G24: =IFERROR(F24/E24,"") -> 3480.3702
A25: 45931 | B25: 13028 | C25: 70156 | D25: 243073364 | E25: =IFERROR(C25/B25,"") -> 5.3850169 | F25: =IFERROR(D25/B25,"") -> 18657.765 | G25: =IFERROR(F25/E25,"") -> 3464.7552
A26: 45962 | B26: 13473 | C26: 71321 | D26: 252820598 | E26: =IFERROR(C26/B26,"") -> 5.2936243 | F26: =IFERROR(D26/B26,"") -> 18764.982 | G26: =IFERROR(F26/E26,"") -> 3544.8269
A27: 45992 | B27: 13627 | C27: 72300 | D27: 253539476 | E27: =IFERROR(C27/B27,"") -> 5.3056432 | F27: =IFERROR(D27/B27,"") -> 18605.671 | G27: =IFERROR(F27/E27,"") -> 3506.7701
A28: 46023 | B28: 10492 | C28: 48044 | D28: 153482600 | E28: =IFERROR(C28/B28,"") -> 4.5791079 | F28: =IFERROR(D28/B28,"") -> 14628.536 | G28: =IFERROR(F28/E28,"") -> 3194.6258
A29: 46054 | B29: 10552 | C29: 48327 | D29: 155697759 | E29: =IFERROR(C29/B29,"") -> 4.5798901 | F29: =IFERROR(D29/B29,"") -> 14755.284 | G29: =IFERROR(F29/E29,"") -> 3221.7551
A30: 46082 | B30: 10628 | C30: 49076 | D30: 162837222 | E30: =IFERROR(C30/B30,"") -> 4.6176139 | F30: =IFERROR(D30/B30,"") -> 15321.53 | G30: =IFERROR(F30/E30,"") -> 3318.0622
A31: 46113 | B31: 10750 | C31: 49839 | D31: 168589133 | E31: =IFERROR(C31/B31,"") -> 4.636186 | F31: =IFERROR(D31/B31,"") -> 15682.71 | G31: =IFERROR(F31/E31,"") -> 3382.6749
A32: 46143 | B32: 10843 | C32: 50629 | D32: 174220557 | E32: =IFERROR(C32/B32,"") -> 4.6692797 | F32: =IFERROR(D32/B32,"") -> 16067.56 | G32: =IFERROR(F32/E32,"") -> 3441.1218
A33: 46174 | B33: 10940 | C33: 50647 | D33: 176725412 | E33: =IFERROR(C33/B33,"") -> 4.6295247 | F33: =IFERROR(D33/B33,"") -> 16154.06 | G33: =IFERROR(F33/E33,"") -> 3489.356
A34: 46204 | B34: 10981 | C34: 51022 | D34: 173671260 | E34: =IFERROR(C34/B34,"") -> 4.6463892 | F34: =IFERROR(D34/B34,"") -> 15815.614 | G34: =IFERROR(F34/E34,"") -> 3403.8505
A35: 46235
A36: 46266
A37: 46296
A38: 46327
A39: 46357

Sheet RS
A2: Indicador Serasa Experian de Inadimplência das Empresas - Rio Grande do Sul
A3: Mês | B3: Empresas Inadimplentes | C3: Dívidas Negativadas | D3: Dívidas Negativadas (R$) | E3: Dívida Média (por CNPJ) | F3: Dívida Média (R$) | G3: Ticket Médio (R$)
A4: 45292 | B4: 368790 | C4: 3675270 | D4: 9.8571125e+09 | E4: =C4/B4 -> 9.9657529 | F4: =D4/B4 -> 26728.253 | G4: =F4/E4 -> 2682.0104
A5: 45323 | B5: 369465 | C5: 3711211 | D5: 1.0100742e+10 | E5: =C5/B5 -> 10.044824 | F5: =D5/B5 -> 27338.834 | G5: =F5/E5 -> 2721.6837
A6: 45352 | B6: 373137 | C6: 3782818 | D6: 1.0492639e+10 | E6: =C6/B6 -> 10.13788 | F6: =D6/B6 -> 28120.071 | G6: =F6/E6 -> 2773.7625
A7: 45383 | B7: 372695 | C7: 3798388 | D7: 1.0717239e+10 | E7: =C7/B7 -> 10.19168 | F7: =D7/B7 -> 28756.057 | G7: =F7/E7 -> 2821.5229
A8: 45413 | B8: 361004 | C8: 3749043 | D8: 1.056036e+10 | E8: =C8/B8 -> 10.385046 | F8: =D8/B8 -> 29252.75 | G8: =F8/E8 -> 2816.8148
A9: 45444 | B9: 350489 | C9: 3675496 | D9: 1.0331741e+10 | E9: =C9/B9 -> 10.486766 | F9: =D9/B9 -> 29478.076 | G9: =F9/E9 -> 2810.9788
A10: 45474 | B10: 361985 | C10: 3677282 | D10: 1.0293201e+10 | E10: =C10/B10 -> 10.158659 | F10: =D10/B10 -> 28435.434 | G10: =F10/E10 -> 2799.1328
A11: 45505 | B11: 361459 | C11: 3658467 | D11: 1.0247135e+10 | E11: =C11/B11 -> 10.121389 | F11: =D11/B11 -> 28349.371 | G11: =F11/E11 -> 2800.9369
A12: 45536 | B12: 365172 | C12: 3665216 | D12: 1.028801e+10 | E12: =C12/B12 -> 10.036958 | F12: =D12/B12 -> 28173.053 | G12: =F12/E12 -> 2806.9314
A13: 45566 | B13: 362122 | C13: 3528143 | D13: 1.0109801e+10 | E13: =C13/B13 -> 9.7429678 | F13: =D13/B13 -> 27918.218 | G13: =F13/E13 -> 2865.4737
A14: 45597 | B14: 364881 | C14: 3523598 | D14: 1.0129874e+10 | E14: =C14/B14 -> 9.6568415 | F14: =D14/B14 -> 27762.13 | G14: =F14/E14 -> 2874.8665
A15: 45627 | B15: 363192 | C15: 3491835 | D15: 9.8232754e+09 | E15: =C15/B15 -> 9.6142949 | F15: =D15/B15 -> 27047.059 | G15: =F15/E15 -> 2813.2129
... A23: 45870 | B23: 438229 | C23: 4462561 | D23: 14255324542 | E23: =C23/B23 -> 10.183171 | F23: =D23/B23 -> 32529.396 | G23: =F23/E23 -> 3194.4268
A24: 45901 | B24: 458785 | C24: 4562032 | D24: 14541784372 | E24: =IFERROR(C24/B24,"") -> 9.9437253 | F24: =IFERROR(D24/B24,"") -> 31696.294 | G24: =IFERROR(F24/E24,"") -> 3187.5674
A25: 45931 | B25: 477787 | C25: 4636673 | D25: 14883108279 | E25: =IFERROR(C25/B25,"") -> 9.7044771 | F25: =IFERROR(D25/B25,"") -> 31150.09 | G25: =IFERROR(F25/E25,"") -> 3209.868
A26: 45962 | B26: 487870 | C26: 4664347 | D26: 15347976512 | E26: =IFERROR(C26/B26,"") -> 9.560635 | F26: =IFERROR(D26/B26,"") -> 31459.152 | G26: =IFERROR(F26/E26,"") -> 3290.4877
A27: 45992 | B27: 491945 | C27: 4701137 | D27: 15516346822 | E27: =IFERROR(C27/B27,"") -> 9.5562248 | F27: =IFERROR(D27/B27,"") -> 31540.816 | G27: =IFERROR(F27/E27,"") -> 3300.5519
A28: 46023 | B28: 497006 | C28: 4760644 | D28: 15769279716 | E28: =IFERROR(C28/B28,"") -> 9.5786449 | F28: =IFERROR(D28/B28,"") -> 31728.55 | G28: =IFERROR(F28/E28,"") -> 3312.4257
A29: 46054 | B29: 503478 | C29: 4813320 | D29: 16084395248 | E29: =IFERROR(C29/B29,"") -> 9.5601397 | F29: =IFERROR(D29/B29,"") -> 31946.57 | G29: =IFERROR(F29/E29,"") -> 3341.6426
A30: 46082 | B30: 510021 | C30: 4958101 | D30: 16908662555 | E30: =IFERROR(C30/B30,"") -> 9.7213664 | F30: =IFERROR(D30/B30,"") -> 33152.875 | G30: =IFERROR(F30/E30,"") -> 3410.3102
A31: 46113 | B31: 518195 | C31: 5226598 | D31: 17808769168 | E31: =IFERROR(C31/B31,"") -> 10.086161 | F31: =IFERROR(D31/B31,"") -> 34366.926 | G31: =IFERROR(F31/E31,"") -> 3407.3348
A32: 46143 | B32: 522521 | C32: 5393606 | D32: 18700736329 | E32: =IFERROR(C32/B32,"") -> 10.322276 | F32: =IFERROR(D32/B32,"") -> 35789.444 | G32: =IFERROR(F32/E32,"") -> 3467.2047
A33: 46174 | B33: 527555 | C33: 5443734 | D33: 19000612783 | E33: =IFERROR(C33/B33,"") -> 10.318799 | F33: =IFERROR(D33/B33,"") -> 36016.364 | G33: =IFERROR(F33/E33,"") -> 3490.3639
A34: 46204 | B34: 533041 | C34: 5556679 | D34: 19722847212 | E34: =IFERROR(C34/B34,"") -> 10.424487 | F34: =IFERROR(D34/B34,"") -> 37000.619 | G34: =IFERROR(F34/E34,"") -> 3549.3947
A35: 46235
A36: 46266
A37: 46296
A38: 46327
A39: 46357

Sheet SC
A2: Indicador Serasa Experian de Inadimplência das Empresas - Santa Catarina
A3: Mês | B3: Empresas Inadimplentes | C3: Dívidas Negativadas | D3: Dívidas Negativadas (R$) | E3: Dívida Média (por CNPJ) | F3: Dívida Média (R$) | G3: Ticket Médio (R$)
A4: 45292 | B4: 294876 | C4: 2431225 | D4: 6.8491156e+09 | E4: =C4/B4 -> 8.2449063 | F4: =D4/B4 -> 23227.104 | G4: =F4/E4 -> 2817.1459
A5: 45323 | B5: 294792 | C5: 2447571 | D5: 6.9866036e+09 | E5: =C5/B5 -> 8.302705 | F5: =D5/B5 -> 23700.113 | G5: =F5/E5 -> 2854.505
A6: 45352 | B6: 298806 | C6: 2508949 | D6: 7.2905684e+09 | E6: =C6/B6 -> 8.3965817 | F6: =D6/B6 -> 24399.003 | G6: =F6/E6 -> 2905.8257
A7: 45383 | B7: 300774 | C7: 2552976 | D7: 7.6138819e+09 | E7: =C7/B7 -> 8.4880209 | F7: =D7/B7 -> 25314.295 | G7: =F7/E7 -> 2982.3555
A8: 45413 | B8: 303539 | C8: 2605072 | D8: 7.9306953e+09 | E8: =C8/B8 -> 8.5823304 | F8: =D8/B8 -> 26127.434 | G8: =F8/E8 -> 3044.3286
A9: 45444 | B9: 305030 | C9: 2622147 | D9: 8.124359e+09 | E9: =C9/B9 -> 8.5963577 | F9: =D9/B9 -> 26634.623 | G9: =F9/E9 -> 3098.3614
A10: 45474 | B10: 299252 | C10: 2622692 | D10: 8.186318e+09 | E10: =C10/B10 -> 8.7641586 | F10: =D10/B10 -> 27355.934 | G10: =F10/E10 -> 3121.3417
A11: 45505 | B11: 298579 | C11: 2639043 | D11: 8.2843789e+09 | E11: =C11/B11 -> 8.8386759 | F11: =D11/B11 -> 27746.02 | G11: =F11/E11 -> 3139.1603
A12: 45536 | B12: 300188 | C12: 2669778 | D12: 8.516125e+09 | E12: =C12/B12 -> 8.8936866 | F12: =D12/B12 -> 28369.305 | G12: =F12/E12 -> 3189.8252
A13: 45566 | B13: 303015 | C13: 2716655 | D13: 8.8340551e+09 | E13: =C13/B13 -> 8.9654143 | F13: =D13/B13 -> 29153.854 | G13: =F13/E13 -> 3251.8134
A14: 45597 | B14: 295330 | C14: 2443767 | D14: 7.7694461e+09 | E14: =C14/B14 -> 8.2746995 | F14: =D14/B14 -> 26307.676 | G14: =F14/E14 -> 3179.2909
A15: 45627 | B15: 296463 | C15: 2436368 | D15: 7.6344226e+09 | E15: =C15/B15 -> 8.2181183 | F15: =D15/B15 -> 25751.688 | G15: =F15/E15 -> 3133.5261
... A23: 45870 | B23: 359181 | C23: 3299519 | D23: 11656895678 | E23: =C23/B23 -> 9.1862292 | F23: =D23/B23 -> 32454.099 | G23: =F23/E23 -> 3532.9076
A24: 45901 | B24: 370881 | C24: 3339384 | D24: 11772859294 | E24: =IFERROR(C24/B24,"") -> 9.0039231 | F24: =IFERROR(D24/B24,"") -> 31742.956 | G24: =IFERROR(F24/E24,"") -> 3525.4584
A25: 45931 | B25: 383642 | C25: 3396670 | D25: 11968821736 | E25: =IFERROR(C25/B25,"") -> 8.8537491 | F25: =IFERROR(D25/B25,"") -> 31197.892 | G25: =IFERROR(F25/E25,"") -> 3523.6928
A26: 45962 | B26: 390832 | C26: 3448988 | D26: 12313514203 | E26: =IFERROR(C26/B26,"") -> 8.8247329 | F26: =IFERROR(D26/B26,"") -> 31505.901 | G26: =IFERROR(F26/E26,"") -> 3570.1818
A27: 45992 | B27: 396505 | C27: 3491423 | D27: 12533296856 | E27: =IFERROR(C27/B27,"") -> 8.8054955 | F27: =IFERROR(D27/B27,"") -> 31609.43 | G27: =IFERROR(F27/E27,"") -> 3589.7389
A28: 46023 | B28: 403728 | C28: 3555295 | D28: 12740695366 | E28: =IFERROR(C28/B28,"") -> 8.8061641 | F28: =IFERROR(D28/B28,"") -> 31557.621 | G28: =IFERROR(F28/E28,"") -> 3583.5832
A29: 46054 | B29: 409987 | C29: 3603191 | D29: 12978115442 | E29: =IFERROR(C29/B29,"") -> 8.7885494 | F29: =IFERROR(D29/B29,"") -> 31654.944 | G29: =IFERROR(F29/E29,"") -> 3601.8394
A30: 46082 | B30: 415679 | C30: 3714734 | D30: 13616437832 | E30: =IFERROR(C30/B30,"") -> 8.9365448 | F30: =IFERROR(D30/B30,"") -> 32757.098 | G30: =IFERROR(F30/E30,"") -> 3665.5216
A31: 46113 | B31: 422292 | C31: 3833210 | D31: 14185055294 | E31: =IFERROR(C31/B31,"") -> 9.0771551 | F31: =IFERROR(D31/B31,"") -> 33590.632 | G31: =IFERROR(F31/E31,"") -> 3700.5683
A32: 46143 | B32: 428843 | C32: 3964469 | D32: 14828233324 | E32: =IFERROR(C32/B32,"") -> 9.2445697 | F32: =IFERROR(D32/B32,"") -> 34577.301 | G32: =IFERROR(F32/E32,"") -> 3740.2823
A33: 46174 | B33: 436149 | C33: 4021859 | D33: 15034359849 | E33: =IFERROR(C33/B33,"") -> 9.2212959 | F33: =IFERROR(D33/B33,"") -> 34470.697 | G33: =IFERROR(F33/E33,"") -> 3738.1618
A34: 46204 | B34: 442779 | C34: 4136009 | D34: 15698959142 | E34: =IFERROR(C34/B34,"") -> 9.3410234 | F34: =IFERROR(D34/B34,"") -> 35455.519 | G34: =IFERROR(F34/E34,"") -> 3795.6782
A35: 46235
A36: 46266
A37: 46296
A38: 46327
A39: 46357

Sheet SE
A2: Indicador Serasa Experian de Inadimplência das Empresas - Sergipe
A3: Mês | B3: Empresas Inadimplentes | C3: Dívidas Negativadas | D3: Dívidas Negativadas (R$) | E3: Dívida Média (por CNPJ) | F3: Dívida Média (R$) | G3: Ticket Médio (R$)
A4: 45292 | B4: 45253 | C4: 345927 | D4: 9.4301773e+08 | E4: =C4/B4 -> 7.6442888 | F4: =D4/B4 -> 20838.789 | G4: =F4/E4 -> 2726.0599
A5: 45323 | B5: 45389 | C5: 349329 | D5: 9.7221252e+08 | E5: =C5/B5 -> 7.6963361 | F5: =D5/B5 -> 21419.562 | G5: =F5/E5 -> 2783.0856
A6: 45352 | B6: 46002 | C6: 357833 | D6: 1.0093972e+09 | E6: =C6/B6 -> 7.7786401 | F6: =D6/B6 -> 21942.463 | G6: =F6/E6 -> 2820.861
A7: 45383 | B7: 45897 | C7: 357122 | D7: 1.0199372e+09 | E7: =C7/B7 -> 7.7809443 | F7: =D7/B7 -> 22222.307 | G7: =F7/E7 -> 2855.991
A8: 45413 | B8: 46058 | C8: 358389 | D8: 1.0256793e+09 | E8: =C8/B8 -> 7.7812541 | F8: =D8/B8 -> 22269.298 | G8: =F8/E8 -> 2861.9163
A9: 45444 | B9: 46039 | C9: 353391 | D9: 1.0268141e+09 | E9: =C9/B9 -> 7.6759052 | F9: =D9/B9 -> 22303.136 | G9: =F9/E9 -> 2905.6034
A10: 45474 | B10: 45873 | C10: 349388 | D10: 1.022022e+09 | E10: =C10/B10 -> 7.6164192 | F10: =D10/B10 -> 22279.381 | G10: =F10/E10 -> 2925.1778
A11: 45505 | B11: 45650 | C11: 345124 | D11: 1.0301668e+09 | E11: =C11/B11 -> 7.5602191 | F11: =D11/B11 -> 22566.633 | G11: =F11/E11 -> 2984.9179
A12: 45536 | B12: 44825 | C12: 343006 | D12: 1.0433724e+09 | E12: =C12/B12 -> 7.6521138 | F12: =D12/B12 -> 23276.574 | G12: =F12/E12 -> 3041.8489
A13: 45566 | B13: 45365 | C13: 344593 | D13: 1.0800201e+09 | E13: =C13/B13 -> 7.5960101 | F13: =D13/B13 -> 23807.343 | G13: =F13/E13 -> 3134.1905
A14: 45597 | B14: 43011 | C14: 277638 | D14: 8.1428285e+08 | E14: =C14/B14 -> 6.4550464 | F14: =D14/B14 -> 18931.967 | G14: =F14/E14 -> 2932.8941
A15: 45627 | B15: 42596 | C15: 272005 | D15: 7.9414721e+08 | E15: =C15/B15 -> 6.3856935 | F15: =D15/B15 -> 18643.704 | G15: =F15/E15 -> 2919.6052
... A23: 45870 | B23: 45270 | C23: 292606 | D23: 955837521 | E23: =C23/B23 -> 6.4635741 | F23: =D23/B23 -> 21114.149 | G23: =F23/E23 -> 3266.6368
A24: 45901 | B24: 45773 | C24: 293403 | D24: 960985347 | E24: =IFERROR(C24/B24,"") -> 6.4099578 | F24: =IFERROR(D24/B24,"") -> 20994.59 | G24: =IFERROR(F24/E24,"") -> 3275.3085
A25: 45931 | B25: 47077 | C25: 297390 | D25: 967231319 | E25: =IFERROR(C25/B25,"") -> 6.3170975 | F25: =IFERROR(D25/B25,"") -> 20545.73 | G25: =IFERROR(F25/E25,"") -> 3252.4003
A26: 45962 | B26: 46998 | C26: 297450 | D26: 986111625 | E26: =IFERROR(C26/B26,"") -> 6.3289927 | F26: =IFERROR(D26/B26,"") -> 20981.991 | G26: =IFERROR(F26/E26,"") -> 3315.2181
A27: 45992 | B27: 47195 | C27: 297967 | D27: 986752405 | E27: =IFERROR(C27/B27,"") -> 6.313529 | F27: =IFERROR(D27/B27,"") -> 20907.986 | G27: =IFERROR(F27/E27,"") -> 3311.6164
A28: 46023 | B28: 39666 | C28: 223756 | D28: 662415968 | E28: =IFERROR(C28/B28,"") -> 5.6410024 | F28: =IFERROR(D28/B28,"") -> 16699.843 | G28: =IFERROR(F28/E28,"") -> 2960.4389
A29: 46054 | B29: 39833 | C29: 225244 | D29: 672009708 | E29: =IFERROR(C29/B29,"") -> 5.6547084 | F29: =IFERROR(D29/B29,"") -> 16870.678 | G29: =IFERROR(F29/E29,"") -> 2983.4744
A30: 46082 | B30: 39885 | C30: 230665 | D30: 691859889 | E30: =IFERROR(C30/B30,"") -> 5.7832518 | F30: =IFERROR(D30/B30,"") -> 17346.368 | G30: =IFERROR(F30/E30,"") -> 2999.4143
A31: 46113 | B31: 40452 | C31: 232276 | D31: 696548175 | E31: =IFERROR(C31/B31,"") -> 5.7420152 | F31: =IFERROR(D31/B31,"") -> 17219.128 | G31: =IFERROR(F31/E31,"") -> 2998.7953
A32: 46143 | B32: 40571 | C32: 234432 | D32: 710818866 | E32: =IFERROR(C32/B32,"") -> 5.7783146 | F32: =IFERROR(D32/B32,"") -> 17520.368 | G32: =IFERROR(F32/E32,"") -> 3032.0898
A33: 46174 | B33: 41071 | C33: 235789 | D33: 715630206 | E33: =IFERROR(C33/B33,"") -> 5.7410095 | F33: =IFERROR(D33/B33,"") -> 17424.222 | G33: =IFERROR(F33/E33,"") -> 3035.0449
A34: 46204 | B34: 41466 | C34: 238511 | D34: 736273066 | E34: =IFERROR(C34/B34,"") -> 5.7519655 | F34: =IFERROR(D34/B34,"") -> 17756.067 | G34: =IFERROR(F34/E34,"") -> 3086.9564
A35: 46235
A36: 46266
A37: 46296
A38: 46327
A39: 46357

Sheet SP
A2: Indicador Serasa Experian de Inadimplência das Empresas - São Paulo
A3: Mês | B3: Empresas Inadimplentes | C3: Dívidas Negativadas | D3: Dívidas Negativadas (R$) | E3: Dívida Média (por CNPJ) | F3: Dívida Média (R$) | G3: Ticket Médio (R$)
A4: 45292 | B4: 2194414 | C4: 15931676 | D4: 4.3377718e+10 | E4: =C4/B4 -> 7.260105 | F4: =D4/B4 -> 19767.336 | G4: =F4/E4 -> 2722.7341
A5: 45323 | B5: 2163730 | C5: 15786083 | D5: 4.3867568e+10 | E5: =C5/B5 -> 7.295773 | F5: =D5/B5 -> 20274.049 | G5: =F5/E5 -> 2778.8761
A6: 45352 | B6: 2161897 | C6: 16061455 | D6: 4.533294e+10 | E6: =C6/B6 -> 7.4293341 | F6: =D6/B6 -> 20969.057 | G6: =F6/E6 -> 2822.4679
A7: 45383 | B7: 2173022 | C7: 16248020 | D7: 4.6514919e+10 | E7: =C7/B7 -> 7.4771539 | F7: =D7/B7 -> 21405.636 | G7: =F7/E7 -> 2862.8054
A8: 45413 | B8: 2301333 | C8: 16797865 | D8: 4.9144637e+10 | E8: =C8/B8 -> 7.2991892 | F8: =D8/B8 -> 21354.857 | G8: =F8/E8 -> 2925.6478
A9: 45444 | B9: 2363961 | C9: 17112992 | D9: 5.0817452e+10 | E9: =C9/B9 -> 7.2391177 | F9: =D9/B9 -> 21496.739 | G9: =F9/E9 -> 2969.5247
A10: 45474 | B10: 2354249 | C10: 17035496 | D10: 5.1398384e+10 | E10: =C10/B10 -> 7.2360638 | F10: =D10/B10 -> 21832.178 | G10: =F10/E10 -> 3017.1346
A11: 45505 | B11: 2338113 | C11: 17028310 | D11: 5.19766e+10 | E11: =C11/B11 -> 7.2829286 | F11: =D11/B11 -> 22230.149 | G11: =F11/E11 -> 3052.364
A12: 45536 | B12: 2348537 | C12: 17257931 | D12: 5.2829971e+10 | E12: =C12/B12 -> 7.3483752 | F12: =D12/B12 -> 22494.843 | G12: =F12/E12 -> 3061.1996
A13: 45566 | B13: 2369918 | C13: 17625413 | D13: 5.4104123e+10 | E13: =C13/B13 -> 7.4371404 | F13: =D13/B13 -> 22829.534 | G13: =F13/E13 -> 3069.6655
A14: 45597 | B14: 2387517 | C14: 17652406 | D14: 5.4560373e+10 | E14: =C14/B14 -> 7.3936253 | F14: =D14/B14 -> 22852.35 | G14: =F14/E14 -> 3090.8179
A15: 45627 | B15: 2399405 | C15: 17720943 | D15: 5.4222568e+10 | E15: =C15/B15 -> 7.3855573 | F15: =D15/B15 -> 22598.339 | G15: =F15/E15 -> 3059.8015
... A23: 45870 | B23: 2741062 | C23: 20754045 | D23: 70915484766 | E23: =C23/B23 -> 7.5715343 | F23: =D23/B23 -> 25871.536 | G23: =F23/E23 -> 3416.9476
A24: 45901 | B24: 2821416 | C24: 20922940 | D24: 71333332904 | E24: =IFERROR(C24/B24,"") -> 7.4157586 | F24: =IFERROR(D24/B24,"") -> 25282.813 | G24: =IFERROR(F24/E24,"") -> 3409.336
A25: 45931 | B25: 2893465 | C25: 21156920 | D25: 72193947344 | E25: =IFERROR(C25/B25,"") -> 7.3119668 | F25: =IFERROR(D25/B25,"") -> 24950.69 | G25: =IFERROR(F25/E25,"") -> 3412.3089
A26: 45962 | B26: 2960293 | C26: 21514529 | D26: 73953071699 | E26: =IFERROR(C26/B26,"") -> 7.2677026 | F26: =IFERROR(D26/B26,"") -> 24981.673 | G26: =IFERROR(F26/E26,"") -> 3437.3549
A27: 45992 | B27: 2978512 | C27: 21630352 | D27: 74323278136 | E27: =IFERROR(C27/B27,"") -> 7.2621336 | F27: =IFERROR(D27/B27,"") -> 24953.157 | G27: =IFERROR(F27/E27,"") -> 3436.0642
A28: 46023 | B28: 3009225 | C28: 21801488 | D28: 75007102688 | E28: =IFERROR(C28/B28,"") -> 7.2448846 | F28: =IFERROR(D28/B28,"") -> 24925.721 | G28: =IFERROR(F28/E28,"") -> 3440.4579
A29: 46054 | B29: 3036772 | C29: 21965639 | D29: 75772943553 | E29: =IFERROR(C29/B29,"") -> 7.2332197 | F29: =IFERROR(D29/B29,"") -> 24951.805 | G29: =IFERROR(F29/E29,"") -> 3449.6125
A30: 46082 | B30: 3049372 | C30: 22344187 | D30: 78347142806 | E30: =IFERROR(C30/B30,"") -> 7.3274717 | F30: =IFERROR(D30/B30,"") -> 25692.878 | G30: =IFERROR(F30/E30,"") -> 3506.377
A31: 46113 | B31: 3076064 | C31: 22928343 | D31: 81346915654 | E31: =IFERROR(C31/B31,"") -> 7.4537926 | F31: =IFERROR(D31/B31,"") -> 26445.131 | G31: =IFERROR(F31/E31,"") -> 3547.8759
A32: 46143 | B32: 3094295 | C32: 23512641 | D32: 84090665865 | E32: =IFERROR(C32/B32,"") -> 7.598707 | F32: =IFERROR(D32/B32,"") -> 27176.034 | G32: =IFERROR(F32/E32,"") -> 3576.4024
A33: 46174 | B33: 3126658 | C33: 23802294 | D33: 85090717203 | E33: =IFERROR(C33/B33,"") -> 7.6126951 | F33: =IFERROR(D33/B33,"") -> 27214.591 | G33: =IFERROR(F33/E33,"") -> 3574.8956
A34: 46204 | B34: 3147102 | C34: 24143125 | D34: 87279030238 | E34: =IFERROR(C34/B34,"") -> 7.6715419 | F34: =IFERROR(D34/B34,"") -> 27733.143 | G34: =IFERROR(F34/E34,"") -> 3615.0677
A35: 46235
A36: 46266
A37: 46296
A38: 46327
A39: 46357

Sheet TO
A2: Indicador Serasa Experian de Inadimplência das Empresas - Tocantins
A3: Mês | B3: Empresas Inadimplentes | C3: Dívidas Negativadas | D3: Dívidas Negativadas (R$) | E3: Dívida Média (por CNPJ) | F3: Dívida Média (R$) | G3: Ticket Médio (R$)
A4: 45292 | B4: 42053 | C4: 297671 | D4: 7.3393594e+08 | E4: =C4/B4 -> 7.0784724 | F4: =D4/B4 -> 17452.642 | G4: =F4/E4 -> 2465.5944
A5: 45323 | B5: 42150 | C5: 299668 | D5: 7.4665353e+08 | E5: =C5/B5 -> 7.1095611 | F5: =D5/B5 -> 17714.2 | G5: =F5/E5 -> 2491.6025
A6: 45352 | B6: 42425 | C6: 304464 | D6: 7.7672817e+08 | E6: =C6/B6 -> 7.1765233 | F6: =D6/B6 -> 18308.266 | G6: =F6/E6 -> 2551.133
A7: 45383 | B7: 42987 | C7: 309741 | D7: 8.0939586e+08 | E7: =C7/B7 -> 7.2054575 | F7: =D7/B7 -> 18828.852 | G7: =F7/E7 -> 2613.1376
A8: 45413 | B8: 43190 | C8: 315991 | D8: 8.4105415e+08 | E8: =C8/B8 -> 7.3163001 | F8: =D8/B8 -> 19473.354 | G8: =F8/E8 -> 2661.6396
A9: 45444 | B9: 43337 | C9: 318116 | D9: 8.4714717e+08 | E9: =C9/B9 -> 7.3405173 | F9: =D9/B9 -> 19547.896 | G9: =F9/E9 -> 2663.0134
A10: 45474 | B10: 43182 | C10: 319412 | D10: 8.5671203e+08 | E10: =C10/B10 -> 7.3968783 | F10: =D10/B10 -> 19839.563 | G10: =F10/E10 -> 2682.1536
A11: 45505 | B11: 43180 | C11: 323526 | D11: 8.8260769e+08 | E11: =C11/B11 -> 7.4924965 | F11: =D11/B11 -> 20440.197 | G11: =F11/E11 -> 2728.0889
A12: 45536 | B12: 43361 | C12: 324480 | D12: 8.9511025e+08 | E12: =C12/B12 -> 7.4832223 | F12: =D12/B12 -> 20643.21 | G12: =F12/E12 -> 2758.5991
A13: 45566 | B13: 44328 | C13: 334756 | D13: 9.4492545e+08 | E13: =C13/B13 -> 7.5517957 | F13: =D13/B13 -> 21316.672 | G13: =F13/E13 -> 2822.7289
A14: 45597 | B14: 44600 | C14: 338538 | D14: 9.6007477e+08 | E14: =C14/B14 -> 7.5905381 | F14: =D14/B14 -> 21526.34 | G14: =F14/E14 -> 2835.9439
A15: 45627 | B15: 44685 | C15: 339567 | D15: 9.5324787e+08 | E15: =C15/B15 -> 7.5991272 | F15: =D15/B15 -> 21332.614 | G15: =F15/E15 -> 2807.2453
... A23: 45870 | B23: 55672 | C23: 432489 | D23: 1371418773 | E23: =C23/B23 -> 7.7685192 | F23: =D23/B23 -> 24633.905 | G23: =F23/E23 -> 3170.9911
A24: 45901 | B24: 62022 | C24: 446761 | D24: 1383767954 | E24: =IFERROR(C24/B24,"") -> 7.2032666 | F24: =IFERROR(D24/B24,"") -> 22310.921 | G24: =IFERROR(F24/E24,"") -> 3097.3338
A25: 45931 | B25: 64749 | C25: 454432 | D25: 1402234261 | E25: =IFERROR(C25/B25,"") -> 7.0183632 | F25: =IFERROR(D25/B25,"") -> 21656.462 | G25: =IFERROR(F25/E25,"") -> 3085.6856
A26: 45962 | B26: 66253 | C26: 467132 | D26: 1459497724 | E26: =IFERROR(C26/B26,"") -> 7.0507298 | F26: =IFERROR(D26/B26,"") -> 22029.157 | G26: =IFERROR(F26/E26,"") -> 3124.3797
A27: 45992 | B27: 66819 | C27: 471089 | D27: 1474362913 | E27: =IFERROR(C27/B27,"") -> 7.0502252 | F27: =IFERROR(D27/B27,"") -> 22065.025 | G27: =IFERROR(F27/E27,"") -> 3129.6908
A28: 46023 | B28: 67812 | C28: 473983 | D28: 1486519895 | E28: =IFERROR(C28/B28,"") -> 6.9896626 | F28: =IFERROR(D28/B28,"") -> 21921.192 | G28: =IFERROR(F28/E28,"") -> 3136.2304
A29: 46054 | B29: 68371 | C29: 477307 | D29: 1499624086 | E29: =IFERROR(C29/B29,"") -> 6.9811324 | F29: =IFERROR(D29/B29,"") -> 21933.628 | G29: =IFERROR(F29/E29,"") -> 3141.8439
A30: 46082 | B30: 69915 | C30: 495881 | D30: 1580883504 | E30: =IFERROR(C30/B30,"") -> 7.0926268 | F30: =IFERROR(D30/B30,"") -> 22611.507 | G30: =IFERROR(F30/E30,"") -> 3188.03
A31: 46113 | B31: 70954 | C31: 518151 | D31: 1668929683 | E31: =IFERROR(C31/B31,"") -> 7.3026327 | F31: =IFERROR(D31/B31,"") -> 23521.291 | G31: =IFERROR(F31/E31,"") -> 3220.9331
A32: 46143 | B32: 72952 | C32: 548374 | D32: 1772243170 | E32: =IFERROR(C32/B32,"") -> 7.5169152 | F32: =IFERROR(D32/B32,"") -> 24293.277 | G32: =IFERROR(F32/E32,"") -> 3231.8147
A33: 46174 | B33: 74338 | C33: 568949 | D33: 1837746779 | E33: =IFERROR(C33/B33,"") -> 7.6535419 | F33: =IFERROR(D33/B33,"") -> 24721.499 | G33: =IFERROR(F33/E33,"") -> 3230.073
A34: 46204 | B34: 75223 | C34: 590409 | D34: 1902074801 | E34: =IFERROR(C34/B34,"") -> 7.848783 | F34: =IFERROR(D34/B34,"") -> 25285.814 | G34: =IFERROR(F34/E34,"") -> 3221.6223
A35: 46235
A36: 46266
A37: 46296
A38: 46327
A39: 46357
