Workbook

Sheet Var. Mensal
A2: Indicador Serasa Experian de Demanda das Empresas por Crédito - Variação Mensal
B3: Estado | AC3: Setor | AG3: Porte
A4: Mês | B4: AC | C4: AL | D4: AM | E4: AP | F4: BA | G4: CE | H4: DF | I4: ES | J4: GO | K4: MA | L4: MG | M4: MS | N4: MT | O4: PA | P4: PB | Q4: PE | R4: PI | S4: PR | T4: RJ | U4: RN | V4: RO | W4: RR | X4: RS | Y4: SC | Z4: SE | AA4: SP | AB4: TO | AC4: Agropecuária | AD4: Indústria | AE4: Comércio | AF4: Serviços | AG4: MPE | AH4: Médias | AI4: Grandes | AJ4: Total
A5: 45293 | B5: n.d. | C5: n.d. | D5: n.d. | E5: n.d. | F5: n.d. | G5: n.d. | H5: n.d. | I5: n.d. | J5: n.d. | K5: n.d. | L5: n.d. | M5: n.d. | N5: n.d. | O5: n.d. | P5: n.d. | Q5: n.d. | R5: n.d. | S5: n.d. | T5: n.d. | U5: n.d. | V5: n.d. | W5: n.d. | X5: n.d. | Y5: n.d. | Z5: n.d. | AA5: n.d. | AB5: n.d. | AC5: n.d. | AD5: n.d. | AE5: n.d. | AF5: n.d. | AG5: n.d. | AH5: n.d. | AI5: n.d. | AJ5: n.d.
A6: 45323 | B6: =Empresas!B6/Empresas!B5-1 -> 0.092347215 | C6: =Empresas!C6/Empresas!C5-1 -> -0.014780983 | D6: =Empresas!D6/Empresas!D5-1 -> -0.026155549 | E6: =Empresas!E6/Empresas!E5-1 -> 0.18765223 | F6: =Empresas!F6/Empresas!F5-1 -> -0.070052861 | G6: =Empresas!G6/Empresas!G5-1 -> -0.082486813 | H6: =Empresas!H6/Empresas!H5-1 -> -0.057999184 | I6: =Empresas!I6/Empresas!I5-1 -> 0.057954639 | ... AJ6: =Empresas!AJ6/Empresas!AJ5-1 -> -0.026350349
A7: 45352 | B7: =Empresas!B7/Empresas!B6-1 -> 0.10204628 | C7: =Empresas!C7/Empresas!C6-1 -> 0.060980799 | D7: =Empresas!D7/Empresas!D6-1 -> 0.22622255 | E7: =Empresas!E7/Empresas!E6-1 -> -0.092505779 | F7: =Empresas!F7/Empresas!F6-1 -> 0.11733455 | G7: =Empresas!G7/Empresas!G6-1 -> 0.063824911 | H7: =Empresas!H7/Empresas!H6-1 -> 0.14477355 | I7: =Empresas!I7/Empresas!I6-1 -> 0.33646415 | ... AJ7: =Empresas!AJ7/Empresas!AJ6-1 -> 0.12550766
A8: 45383 | B8: =Empresas!B8/Empresas!B7-1 -> -0.04594104 | C8: =Empresas!C8/Empresas!C7-1 -> -0.0088586799 | D8: =Empresas!D8/Empresas!D7-1 -> -0.094365091 | E8: =Empresas!E8/Empresas!E7-1 -> -0.009826339 | F8: =Empresas!F8/Empresas!F7-1 -> -0.0010873134 | G8: =Empresas!G8/Empresas!G7-1 -> 0.11348575 | H8: =Empresas!H8/Empresas!H7-1 -> -0.042952952 | I8: =Empresas!I8/Empresas!I7-1 -> -0.25196234 | ... AJ8: =Empresas!AJ8/Empresas!AJ7-1 -> -0.010689443
A9: 45413 | B9: =Empresas!B9/Empresas!B8-1 -> 0.10651289 | C9: =Empresas!C9/Empresas!C8-1 -> -0.021387375 | D9: =Empresas!D9/Empresas!D8-1 -> 0.023580772 | E9: =Empresas!E9/Empresas!E8-1 -> 0.16729703 | F9: =Empresas!F9/Empresas!F8-1 -> -0.014047111 | G9: =Empresas!G9/Empresas!G8-1 -> -0.041743756 | H9: =Empresas!H9/Empresas!H8-1 -> 0.00057976561 | I9: =Empresas!I9/Empresas!I8-1 -> -0.024653747 | ... AJ9: =Empresas!AJ9/Empresas!AJ8-1 -> -0.0374065
A10: 45444 | B10: =Empresas!B10/Empresas!B9-1 -> -0.059591032 | C10: =Empresas!C10/Empresas!C9-1 -> 0.17314265 | D10: =Empresas!D10/Empresas!D9-1 -> -0.033517027 | E10: =Empresas!E10/Empresas!E9-1 -> -0.10664852 | F10: =Empresas!F10/Empresas!F9-1 -> 0.06575435 | G10: =Empresas!G10/Empresas!G9-1 -> 0.036944305 | H10: =Empresas!H10/Empresas!H9-1 -> 0.036840118 | I10: =Empresas!I10/Empresas!I9-1 -> 0.083586713 | ... AJ10: =Empresas!AJ10/Empresas!AJ9-1 -> 0.036336338
A11: 45474 | B11: =Empresas!B11/Empresas!B10-1 -> 0.00061061321 | C11: =Empresas!C11/Empresas!C10-1 -> -0.074904282 | D11: =Empresas!D11/Empresas!D10-1 -> 0.056418648 | E11: =Empresas!E11/Empresas!E10-1 -> 0.0089127824 | F11: =Empresas!F11/Empresas!F10-1 -> 0.053262605 | G11: =Empresas!G11/Empresas!G10-1 -> 0.077461504 | H11: =Empresas!H11/Empresas!H10-1 -> 0.30940914 | I11: =Empresas!I11/Empresas!I10-1 -> 0.29016976 | ... AJ11: =Empresas!AJ11/Empresas!AJ10-1 -> 0.11053082
A12: 45505 | B12: =Empresas!B12/Empresas!B11-1 -> 0.19367232 | C12: =Empresas!C12/Empresas!C11-1 -> 0.12348093 | D12: =Empresas!D12/Empresas!D11-1 -> 0.079517561 | E12: =Empresas!E12/Empresas!E11-1 -> 0.16401445 | F12: =Empresas!F12/Empresas!F11-1 -> 0.05419213 | G12: =Empresas!G12/Empresas!G11-1 -> 0.16605347 | H12: =Empresas!H12/Empresas!H11-1 -> -0.033364052 | I12: =Empresas!I12/Empresas!I11-1 -> -0.16212306 | ... AJ12: =Empresas!AJ12/Empresas!AJ11-1 -> 0.035674149
A13: 45536 | B13: =Empresas!B13/Empresas!B12-1 -> -0.12372262 | C13: =Empresas!C13/Empresas!C12-1 -> -0.14598465 | D13: =Empresas!D13/Empresas!D12-1 -> -0.016808295 | E13: =Empresas!E13/Empresas!E12-1 -> -0.14023747 | F13: =Empresas!F13/Empresas!F12-1 -> -0.10981163 | G13: =Empresas!G13/Empresas!G12-1 -> -0.19302281 | H13: =Empresas!H13/Empresas!H12-1 -> -0.17018046 | I13: =Empresas!I13/Empresas!I12-1 -> -0.11679956 | ... AJ13: =Empresas!AJ13/Empresas!AJ12-1 -> -0.11953997
A14: 45566 | B14: =Empresas!B14/Empresas!B13-1 -> -0.035483244 | C14: =Empresas!C14/Empresas!C13-1 -> 0.03123097 | D14: =Empresas!D14/Empresas!D13-1 -> -0.10226605 | E14: =Empresas!E14/Empresas!E13-1 -> -0.00867967 | F14: =Empresas!F14/Empresas!F13-1 -> 0.0092180703 | G14: =Empresas!G14/Empresas!G13-1 -> -0.047784416 | H14: =Empresas!H14/Empresas!H13-1 -> -0.042130697 | I14: =Empresas!I14/Empresas!I13-1 -> 0.11183568 | ... AJ14: =Empresas!AJ14/Empresas!AJ13-1 -> 0.022920915
A15: 45597 | B15: =Empresas!B15/Empresas!B14-1 -> -0.093517214 | C15: =Empresas!C15/Empresas!C14-1 -> -0.061393495 | D15: =Empresas!D15/Empresas!D14-1 -> -0.0076822445 | E15: =Empresas!E15/Empresas!E14-1 -> -0.056879241 | F15: =Empresas!F15/Empresas!F14-1 -> -0.05904318 | G15: =Empresas!G15/Empresas!G14-1 -> -0.017450616 | H15: =Empresas!H15/Empresas!H14-1 -> 0.003172002 | I15: =Empresas!I15/Empresas!I14-1 -> -0.074152059 | ... AJ15: =Empresas!AJ15/Empresas!AJ14-1 -> -0.064610647
A16: 45627 | B16: =Empresas!B16/Empresas!B15-1 -> -0.13888857 | C16: =Empresas!C16/Empresas!C15-1 -> -0.12051632 | D16: =Empresas!D16/Empresas!D15-1 -> -0.098744518 | E16: =Empresas!E16/Empresas!E15-1 -> -0.10794655 | F16: =Empresas!F16/Empresas!F15-1 -> -0.092166068 | G16: =Empresas!G16/Empresas!G15-1 -> -0.14466517 | H16: =Empresas!H16/Empresas!H15-1 -> -0.071760172 | I16: =Empresas!I16/Empresas!I15-1 -> -0.17718146 | ... AJ16: =Empresas!AJ16/Empresas!AJ15-1 -> -0.1261892
A17: 45659 | B17: =Empresas!B17/Empresas!B16-1 -> 0.17905952 | C17: =Empresas!C17/Empresas!C16-1 -> 0.1722906 | D17: =Empresas!D17/Empresas!D16-1 -> 0.16199599 | E17: =Empresas!E17/Empresas!E16-1 -> 0.2459166 | F17: =Empresas!F17/Empresas!F16-1 -> 0.14651274 | G17: =Empresas!G17/Empresas!G16-1 -> 0.31445241 | H17: =Empresas!H17/Empresas!H16-1 -> 0.085141138 | I17: =Empresas!I17/Empresas!I16-1 -> 0.20294649 | ... AJ17: =Empresas!AJ17/Empresas!AJ16-1 -> 0.21541252
... A35: 46204 | B35: =Empresas!B35/Empresas!B34-1 -> 0.21660748 | C35: =Empresas!C35/Empresas!C34-1 -> 0.26996784 | D35: =Empresas!D35/Empresas!D34-1 -> 0.1823502 | E35: =Empresas!E35/Empresas!E34-1 -> 0.2107788 | F35: =Empresas!F35/Empresas!F34-1 -> 0.2573108 | G35: =Empresas!G35/Empresas!G34-1 -> 0.166527 | H35: =Empresas!H35/Empresas!H34-1 -> 0.19745521 | I35: =Empresas!I35/Empresas!I34-1 -> 0.16789661 | ... AJ35: =Empresas!AJ35/Empresas!AJ34-1 -> 0.15373214
A36: 46235 | B36: =IFERROR(Empresas!B36/Empresas!B35-1,"") -> -0.20229551 | C36: =Empresas!C36/Empresas!C35-1 -> -0.19104934 | D36: =Empresas!D36/Empresas!D35-1 -> -0.16964858 | E36: =Empresas!E36/Empresas!E35-1 -> -0.18319455 | F36: =Empresas!F36/Empresas!F35-1 -> -0.1544148 | G36: =Empresas!G36/Empresas!G35-1 -> -0.16753221 | H36: =Empresas!H36/Empresas!H35-1 -> -0.16711418 | I36: =Empresas!I36/Empresas!I35-1 -> -0.15350043 | J36: =Empresas!J36/Empresas!J35-1 -> -0.14545167 | ... AJ36: =Empresas!AJ36/Empresas!AJ35-1 -> -0.13672359
A37: 46266
A38: 46296
A39: 46327
A40: 46357
A41: Para séries históricas com período superior a dois anos, os clientes interessados devem entrar em contato com o Executivo de Vendas responsável pelo seu atendimento.

Sheet Var. Anual
A2: Indicador Serasa Experian de Demanda das Empresas por Crédito - Variação Anual (mês vs. mesmo mês ano anterior)
B3: Estado | AC3: Setor | AG3: Porte
A4: Mês | B4: AC | C4: AL | D4: AM | E4: AP | F4: BA | G4: CE | H4: DF | I4: ES | J4: GO | K4: MA | L4: MG | M4: MS | N4: MT | O4: PA | P4: PB | Q4: PE | R4: PI | S4: PR | T4: RJ | U4: RN | V4: RO | W4: RR | X4: RS | Y4: SC | Z4: SE | AA4: SP | AB4: TO | AC4: Agropecuária | AD4: Indústria | AE4: Comércio | AF4: Serviços | AG4: MPE | AH4: Médias | AI4: Grandes | AJ4: Total
A5: 45293 | B5: n.d. | C5: n.d. | D5: n.d. | E5: n.d. | F5: n.d. | G5: n.d. | H5: n.d. | I5: n.d. | J5: n.d. | K5: n.d. | L5: n.d. | M5: n.d. | N5: n.d. | O5: n.d. | P5: n.d. | Q5: n.d. | R5: n.d. | S5: n.d. | T5: n.d. | U5: n.d. | V5: n.d. | W5: n.d. | X5: n.d. | Y5: n.d. | Z5: n.d. | AA5: n.d. | AB5: n.d. | AC5: n.d. | AD5: n.d. | AE5: n.d. | AF5: n.d. | AG5: n.d. | AH5: n.d. | AI5: n.d. | AJ5: n.d.
A6: 45323 | B6: n.d. | C6: n.d. | D6: n.d. | E6: n.d. | F6: n.d. | G6: n.d. | H6: n.d. | I6: n.d. | J6: n.d. | K6: n.d. | L6: n.d. | M6: n.d. | N6: n.d. | O6: n.d. | P6: n.d. | Q6: n.d. | R6: n.d. | S6: n.d. | T6: n.d. | U6: n.d. | V6: n.d. | W6: n.d. | X6: n.d. | Y6: n.d. | Z6: n.d. | AA6: n.d. | AB6: n.d. | AC6: n.d. | AD6: n.d. | AE6: n.d. | AF6: n.d. | AG6: n.d. | AH6: n.d. | AI6: n.d. | AJ6: n.d.
A7: 45352 | B7: n.d. | C7: n.d. | D7: n.d. | E7: n.d. | F7: n.d. | G7: n.d. | H7: n.d. | I7: n.d. | J7: n.d. | K7: n.d. | L7: n.d. | M7: n.d. | N7: n.d. | O7: n.d. | P7: n.d. | Q7: n.d. | R7: n.d. | S7: n.d. | T7: n.d. | U7: n.d. | V7: n.d. | W7: n.d. | X7: n.d. | Y7: n.d. | Z7: n.d. | AA7: n.d. | AB7: n.d. | AC7: n.d. | AD7: n.d. | AE7: n.d. | AF7: n.d. | AG7: n.d. | AH7: n.d. | AI7: n.d. | AJ7: n.d.
A8: 45383 | B8: n.d. | C8: n.d. | D8: n.d. | E8: n.d. | F8: n.d. | G8: n.d. | H8: n.d. | I8: n.d. | J8: n.d. | K8: n.d. | L8: n.d. | M8: n.d. | N8: n.d. | O8: n.d. | P8: n.d. | Q8: n.d. | R8: n.d. | S8: n.d. | T8: n.d. | U8: n.d. | V8: n.d. | W8: n.d. | X8: n.d. | Y8: n.d. | Z8: n.d. | AA8: n.d. | AB8: n.d. | AC8: n.d. | AD8: n.d. | AE8: n.d. | AF8: n.d. | AG8: n.d. | AH8: n.d. | AI8: n.d. | AJ8: n.d.
A9: 45413 | B9: n.d. | C9: n.d. | D9: n.d. | E9: n.d. | F9: n.d. | G9: n.d. | H9: n.d. | I9: n.d. | J9: n.d. | K9: n.d. | L9: n.d. | M9: n.d. | N9: n.d. | O9: n.d. | P9: n.d. | Q9: n.d. | R9: n.d. | S9: n.d. | T9: n.d. | U9: n.d. | V9: n.d. | W9: n.d. | X9: n.d. | Y9: n.d. | Z9: n.d. | AA9: n.d. | AB9: n.d. | AC9: n.d. | AD9: n.d. | AE9: n.d. | AF9: n.d. | AG9: n.d. | AH9: n.d. | AI9: n.d. | AJ9: n.d.
A10: 45444 | B10: n.d. | C10: n.d. | D10: n.d. | E10: n.d. | F10: n.d. | G10: n.d. | H10: n.d. | I10: n.d. | J10: n.d. | K10: n.d. | L10: n.d. | M10: n.d. | N10: n.d. | O10: n.d. | P10: n.d. | Q10: n.d. | R10: n.d. | S10: n.d. | T10: n.d. | U10: n.d. | V10: n.d. | W10: n.d. | X10: n.d. | Y10: n.d. | Z10: n.d. | AA10: n.d. | AB10: n.d. | AC10: n.d. | AD10: n.d. | AE10: n.d. | AF10: n.d. | AG10: n.d. | AH10: n.d. | AI10: n.d. | AJ10: n.d.
A11: 45474 | B11: n.d. | C11: n.d. | D11: n.d. | E11: n.d. | F11: n.d. | G11: n.d. | H11: n.d. | I11: n.d. | J11: n.d. | K11: n.d. | L11: n.d. | M11: n.d. | N11: n.d. | O11: n.d. | P11: n.d. | Q11: n.d. | R11: n.d. | S11: n.d. | T11: n.d. | U11: n.d. | V11: n.d. | W11: n.d. | X11: n.d. | Y11: n.d. | Z11: n.d. | AA11: n.d. | AB11: n.d. | AC11: n.d. | AD11: n.d. | AE11: n.d. | AF11: n.d. | AG11: n.d. | AH11: n.d. | AI11: n.d. | AJ11: n.d.
A12: 45505 | B12: n.d. | C12: n.d. | D12: n.d. | E12: n.d. | F12: n.d. | G12: n.d. | H12: n.d. | I12: n.d. | J12: n.d. | K12: n.d. | L12: n.d. | M12: n.d. | N12: n.d. | O12: n.d. | P12: n.d. | Q12: n.d. | R12: n.d. | S12: n.d. | T12: n.d. | U12: n.d. | V12: n.d. | W12: n.d. | X12: n.d. | Y12: n.d. | Z12: n.d. | AA12: n.d. | AB12: n.d. | AC12: n.d. | AD12: n.d. | AE12: n.d. | AF12: n.d. | AG12: n.d. | AH12: n.d. | AI12: n.d. | AJ12: n.d.
A13: 45536 | B13: n.d. | C13: n.d. | D13: n.d. | E13: n.d. | F13: n.d. | G13: n.d. | H13: n.d. | I13: n.d. | J13: n.d. | K13: n.d. | L13: n.d. | M13: n.d. | N13: n.d. | O13: n.d. | P13: n.d. | Q13: n.d. | R13: n.d. | S13: n.d. | T13: n.d. | U13: n.d. | V13: n.d. | W13: n.d. | X13: n.d. | Y13: n.d. | Z13: n.d. | AA13: n.d. | AB13: n.d. | AC13: n.d. | AD13: n.d. | AE13: n.d. | AF13: n.d. | AG13: n.d. | AH13: n.d. | AI13: n.d. | AJ13: n.d.
A14: 45566 | B14: n.d. | C14: n.d. | D14: n.d. | E14: n.d. | F14: n.d. | G14: n.d. | H14: n.d. | I14: n.d. | J14: n.d. | K14: n.d. | L14: n.d. | M14: n.d. | N14: n.d. | O14: n.d. | P14: n.d. | Q14: n.d. | R14: n.d. | S14: n.d. | T14: n.d. | U14: n.d. | V14: n.d. | W14: n.d. | X14: n.d. | Y14: n.d. | Z14: n.d. | AA14: n.d. | AB14: n.d. | AC14: n.d. | AD14: n.d. | AE14: n.d. | AF14: n.d. | AG14: n.d. | AH14: n.d. | AI14: n.d. | AJ14: n.d.
A15: 45597 | B15: n.d. | C15: n.d. | D15: n.d. | E15: n.d. | F15: n.d. | G15: n.d. | H15: n.d. | I15: n.d. | J15: n.d. | K15: n.d. | L15: n.d. | M15: n.d. | N15: n.d. | O15: n.d. | P15: n.d. | Q15: n.d. | R15: n.d. | S15: n.d. | T15: n.d. | U15: n.d. | V15: n.d. | W15: n.d. | X15: n.d. | Y15: n.d. | Z15: n.d. | AA15: n.d. | AB15: n.d. | AC15: n.d. | AD15: n.d. | AE15: n.d. | AF15: n.d. | AG15: n.d. | AH15: n.d. | AI15: n.d. | AJ15: n.d.
A16: 45627 | B16: n.d. | C16: n.d. | D16: n.d. | E16: n.d. | F16: n.d. | G16: n.d. | H16: n.d. | I16: n.d. | J16: n.d. | K16: n.d. | L16: n.d. | M16: n.d. | N16: n.d. | O16: n.d. | P16: n.d. | Q16: n.d. | R16: n.d. | S16: n.d. | T16: n.d. | U16: n.d. | V16: n.d. | W16: n.d. | X16: n.d. | Y16: n.d. | Z16: n.d. | AA16: n.d. | AB16: n.d. | AC16: n.d. | AD16: n.d. | AE16: n.d. | AF16: n.d. | AG16: n.d. | AH16: n.d. | AI16: n.d. | AJ16: n.d.
A17: 45659 | B17: =Empresas!B17/Empresas!B5-1 -> 0.11036368 | C17: =Empresas!C17/Empresas!C5-1 -> 0.053557302 | D17: =Empresas!D17/Empresas!D5-1 -> 0.11913714 | E17: =Empresas!E17/Empresas!E5-1 -> 0.16761573 | F17: =Empresas!F17/Empresas!F5-1 -> 0.065517674 | G17: =Empresas!G17/Empresas!G5-1 -> 0.15174518 | H17: =Empresas!H17/Empresas!H5-1 -> 0.088473142 | I17: =Empresas!I17/Empresas!I5-1 -> 0.087395018 | ... AJ17: =Empresas!AJ17/Empresas!AJ5-1 -> 0.11292643
A18: 45689 | B18: =Empresas!B18/Empresas!B6-1 -> 0.049046889 | C18: =Empresas!C18/Empresas!C6-1 -> 0.026742696 | D18: =Empresas!D18/Empresas!D6-1 -> 0.12900794 | E18: =Empresas!E18/Empresas!E6-1 -> -0.091445721 | F18: =Empresas!F18/Empresas!F6-1 -> 0.11670179 | G18: =Empresas!G18/Empresas!G6-1 -> 0.17576989 | H18: =Empresas!H18/Empresas!H6-1 -> 0.1319191 | I18: =Empresas!I18/Empresas!I6-1 -> 0.0047509496 | ... AJ18: =Empresas!AJ18/Empresas!AJ6-1 -> 0.13141671
A19: 45717 | B19: =Empresas!B19/Empresas!B7-1 -> -0.036168968 | C19: =Empresas!C19/Empresas!C7-1 -> -0.036335377 | D19: =Empresas!D19/Empresas!D7-1 -> -0.08773547 | E19: =Empresas!E19/Empresas!E7-1 -> -0.0013496347 | F19: =Empresas!F19/Empresas!F7-1 -> 0.0038372402 | G19: =Empresas!G19/Empresas!G7-1 -> 0.008058977 | H19: =Empresas!H19/Empresas!H7-1 -> -0.00087858372 | I19: =Empresas!I19/Empresas!I7-1 -> -0.27843814 | ... AJ19: =Empresas!AJ19/Empresas!AJ7-1 -> 0.0092696777
A20: 45748 | B20: =Empresas!B20/Empresas!B8-1 -> 0.030167943 | C20: =Empresas!C20/Empresas!C8-1 -> -0.0050550093 | D20: =Empresas!D20/Empresas!D8-1 -> 0.048055844 | E20: =Empresas!E20/Empresas!E8-1 -> 0.070820648 | F20: =Empresas!F20/Empresas!F8-1 -> 0.0097016838 | G20: =Empresas!G20/Empresas!G8-1 -> -0.056796303 | H20: =Empresas!H20/Empresas!H8-1 -> 0.13700129 | I20: =Empresas!I20/Empresas!I8-1 -> 0.045418988 | ... AJ20: =Empresas!AJ20/Empresas!AJ8-1 -> 0.0086622953
A21: 45778 | B21: =Empresas!B21/Empresas!B9-1 -> 0.091517848 | C21: =Empresas!C21/Empresas!C9-1 -> 0.17578654 | D21: =Empresas!D21/Empresas!D9-1 -> 0.18236781 | E21: =Empresas!E21/Empresas!E9-1 -> 0.005822897 | F21: =Empresas!F21/Empresas!F9-1 -> 0.1688804 | G21: =Empresas!G21/Empresas!G9-1 -> 0.11393012 | H21: =Empresas!H21/Empresas!H9-1 -> 0.18334594 | I21: =Empresas!I21/Empresas!I9-1 -> 0.24444109 | ... AJ21: =Empresas!AJ21/Empresas!AJ9-1 -> 0.1635904
A22: 45809 | B22: =Empresas!B22/Empresas!B10-1 -> 0.14890327 | C22: =Empresas!C22/Empresas!C10-1 -> -0.049403979 | D22: =Empresas!D22/Empresas!D10-1 -> 0.26856616 | E22: =Empresas!E22/Empresas!E10-1 -> 0.15450075 | F22: =Empresas!F22/Empresas!F10-1 -> 0.0081596159 | G22: =Empresas!G22/Empresas!G10-1 -> 0.096192515 | H22: =Empresas!H22/Empresas!H10-1 -> 0.13051394 | I22: =Empresas!I22/Empresas!I10-1 -> 0.071449314 | ... AJ22: =Empresas!AJ22/Empresas!AJ10-1 -> 0.10469961
A23: 45839 | B23: =Empresas!B23/Empresas!B11-1 -> 0.17354237 | C23: =Empresas!C23/Empresas!C11-1 -> 0.13927723 | D23: =Empresas!D23/Empresas!D11-1 -> 0.30680197 | E23: =Empresas!E23/Empresas!E11-1 -> 0.15298304 | F23: =Empresas!F23/Empresas!F11-1 -> 0.072631971 | G23: =Empresas!G23/Empresas!G11-1 -> 0.078283727 | H23: =Empresas!H23/Empresas!H11-1 -> -0.10554245 | I23: =Empresas!I23/Empresas!I11-1 -> -0.13752549 | ... AJ23: =Empresas!AJ23/Empresas!AJ11-1 -> 0.040326388
A24: 45870 | B24: =Empresas!B24/Empresas!B12-1 -> -0.01150159 | C24: =Empresas!C24/Empresas!C12-1 -> -0.084819326 | D24: =Empresas!D24/Empresas!D12-1 -> 0.13304697 | E24: =Empresas!E24/Empresas!E12-1 -> -0.025381425 | F24: =Empresas!F24/Empresas!F12-1 -> -0.046602006 | G24: =Empresas!G24/Empresas!G12-1 -> -0.12769623 | H24: =Empresas!H24/Empresas!H12-1 -> -0.13376835 | I24: =Empresas!I24/Empresas!I12-1 -> -0.028520734 | ... AJ24: =Empresas!AJ24/Empresas!AJ12-1 -> -0.031940713
A25: 45901 | B25: =Empresas!B25/Empresas!B13-1 -> 0.059998815 | C25: =Empresas!C25/Empresas!C13-1 -> 0.10489053 | D25: =Empresas!D25/Empresas!D13-1 -> 0.085607467 | E25: =Empresas!E25/Empresas!E13-1 -> 0.13972955 | F25: =Empresas!F25/Empresas!F13-1 -> 0.12989673 | G25: =Empresas!G25/Empresas!G13-1 -> 0.052641264 | H25: =Empresas!H25/Empresas!H13-1 -> 0.10962396 | I25: =Empresas!I25/Empresas!I13-1 -> 0.083991483 | ... AJ25: =Empresas!AJ25/Empresas!AJ13-1 -> 0.15498543
A26: 45931 | B26: =Empresas!B26/Empresas!B14-1 -> 0.21168145 | C26: =Empresas!C26/Empresas!C14-1 -> 0.1871378 | D26: =Empresas!D26/Empresas!D14-1 -> 0.36080174 | E26: =Empresas!E26/Empresas!E14-1 -> 0.27150307 | F26: =Empresas!F26/Empresas!F14-1 -> 0.16267732 | G26: =Empresas!G26/Empresas!G14-1 -> 0.21277386 | H26: =Empresas!H26/Empresas!H14-1 -> 0.23065604 | I26: =Empresas!I26/Empresas!I14-1 -> 0.08250526 | ... AJ26: =Empresas!AJ26/Empresas!AJ14-1 -> 0.21696665
A27: 45962 | B27: =Empresas!B27/Empresas!B15-1 -> 0.11826616 | C27: =Empresas!C27/Empresas!C15-1 -> 0.082388714 | D27: =Empresas!D27/Empresas!D15-1 -> 0.17538092 | E27: =Empresas!E27/Empresas!E15-1 -> 0.13330966 | F27: =Empresas!F27/Empresas!F15-1 -> 0.080601415 | G27: =Empresas!G27/Empresas!G15-1 -> 0.099009043 | H27: =Empresas!H27/Empresas!H15-1 -> 0.37135776 | I27: =Empresas!I27/Empresas!I15-1 -> 0.083648821 | ... AJ27: =Empresas!AJ27/Empresas!AJ15-1 -> 0.10429951
A28: 45992 | B28: =Empresas!B28/Empresas!B16-1 -> 0.25999167 | C28: =Empresas!C28/Empresas!C16-1 -> 0.21568609 | D28: =Empresas!D28/Empresas!D16-1 -> 0.18155234 | E28: =Empresas!E28/Empresas!E16-1 -> 0.16544205 | F28: =Empresas!F28/Empresas!F16-1 -> 0.13949596 | G28: =Empresas!G28/Empresas!G16-1 -> 0.21321043 | H28: =Empresas!H28/Empresas!H16-1 -> 0.30809787 | I28: =Empresas!I28/Empresas!I16-1 -> 0.16900441 | ... AJ28: =Empresas!AJ28/Empresas!AJ16-1 -> 0.20703544
... A36: 46235 | B36: =Empresas!B36/Empresas!B24-1 -> -0.077584528 | C36: =Empresas!C36/Empresas!C24-1 -> 0.11018773 | D36: =Empresas!D36/Empresas!D24-1 -> -0.040472749 | E36: =Empresas!E36/Empresas!E24-1 -> 0.01399828 | F36: =Empresas!F36/Empresas!F24-1 -> 0.07077524 | G36: =Empresas!G36/Empresas!G24-1 -> 0.026682823 | H36: =Empresas!H36/Empresas!H24-1 -> 0.089647419 | I36: =Empresas!I36/Empresas!I24-1 -> 0.02649652 | ... AJ36: =Empresas!AJ36/Empresas!AJ24-1 -> 0.053279377
A37: 46266
A38: 46296
A39: 46327
A40: 46357

Sheet Var. Acumulada Anual
A2: Indicador Serasa Experian de Demanda das Empresas por Crédito - Variação Acumulada Anual
B3: Estado | AC3: Setor | AG3: Porte
A4: Mês | B4: AC | C4: AL | D4: AM | E4: AP | F4: BA | G4: CE | H4: DF | I4: ES | J4: GO | K4: MA | L4: MG | M4: MS | N4: MT | O4: PA | P4: PB | Q4: PE | R4: PI | S4: PR | T4: RJ | U4: RN | V4: RO | W4: RR | X4: RS | Y4: SC | Z4: SE | AA4: SP | AB4: TO | AC4: Agropecuária | AD4: Indústria | AE4: Comércio | AF4: Serviços | AG4: MPE | AH4: Médias | AI4: Grandes | AJ4: Total
A5: 45293 | B5: n.d. | C5: n.d. | D5: n.d. | E5: n.d. | F5: n.d. | G5: n.d. | H5: n.d. | I5: n.d. | J5: n.d. | K5: n.d. | L5: n.d. | M5: n.d. | N5: n.d. | O5: n.d. | P5: n.d. | Q5: n.d. | R5: n.d. | S5: n.d. | T5: n.d. | U5: n.d. | V5: n.d. | W5: n.d. | X5: n.d. | Y5: n.d. | Z5: n.d. | AA5: n.d. | AB5: n.d. | AC5: n.d. | AD5: n.d. | AE5: n.d. | AF5: n.d. | AG5: n.d. | AH5: n.d. | AI5: n.d. | AJ5: n.d.
A6: 45323 | B6: n.d. | C6: n.d. | D6: n.d. | E6: n.d. | F6: n.d. | G6: n.d. | H6: n.d. | I6: n.d. | J6: n.d. | K6: n.d. | L6: n.d. | M6: n.d. | N6: n.d. | O6: n.d. | P6: n.d. | Q6: n.d. | R6: n.d. | S6: n.d. | T6: n.d. | U6: n.d. | V6: n.d. | W6: n.d. | X6: n.d. | Y6: n.d. | Z6: n.d. | AA6: n.d. | AB6: n.d. | AC6: n.d. | AD6: n.d. | AE6: n.d. | AF6: n.d. | AG6: n.d. | AH6: n.d. | AI6: n.d. | AJ6: n.d.
A7: 45352 | B7: n.d. | C7: n.d. | D7: n.d. | E7: n.d. | F7: n.d. | G7: n.d. | H7: n.d. | I7: n.d. | J7: n.d. | K7: n.d. | L7: n.d. | M7: n.d. | N7: n.d. | O7: n.d. | P7: n.d. | Q7: n.d. | R7: n.d. | S7: n.d. | T7: n.d. | U7: n.d. | V7: n.d. | W7: n.d. | X7: n.d. | Y7: n.d. | Z7: n.d. | AA7: n.d. | AB7: n.d. | AC7: n.d. | AD7: n.d. | AE7: n.d. | AF7: n.d. | AG7: n.d. | AH7: n.d. | AI7: n.d. | AJ7: n.d.
A8: 45383 | B8: n.d. | C8: n.d. | D8: n.d. | E8: n.d. | F8: n.d. | G8: n.d. | H8: n.d. | I8: n.d. | J8: n.d. | K8: n.d. | L8: n.d. | M8: n.d. | N8: n.d. | O8: n.d. | P8: n.d. | Q8: n.d. | R8: n.d. | S8: n.d. | T8: n.d. | U8: n.d. | V8: n.d. | W8: n.d. | X8: n.d. | Y8: n.d. | Z8: n.d. | AA8: n.d. | AB8: n.d. | AC8: n.d. | AD8: n.d. | AE8: n.d. | AF8: n.d. | AG8: n.d. | AH8: n.d. | AI8: n.d. | AJ8: n.d.
A9: 45413 | B9: n.d. | C9: n.d. | D9: n.d. | E9: n.d. | F9: n.d. | G9: n.d. | H9: n.d. | I9: n.d. | J9: n.d. | K9: n.d. | L9: n.d. | M9: n.d. | N9: n.d. | O9: n.d. | P9: n.d. | Q9: n.d. | R9: n.d. | S9: n.d. | T9: n.d. | U9: n.d. | V9: n.d. | W9: n.d. | X9: n.d. | Y9: n.d. | Z9: n.d. | AA9: n.d. | AB9: n.d. | AC9: n.d. | AD9: n.d. | AE9: n.d. | AF9: n.d. | AG9: n.d. | AH9: n.d. | AI9: n.d. | AJ9: n.d.
A10: 45444 | B10: n.d. | C10: n.d. | D10: n.d. | E10: n.d. | F10: n.d. | G10: n.d. | H10: n.d. | I10: n.d. | J10: n.d. | K10: n.d. | L10: n.d. | M10: n.d. | N10: n.d. | O10: n.d. | P10: n.d. | Q10: n.d. | R10: n.d. | S10: n.d. | T10: n.d. | U10: n.d. | V10: n.d. | W10: n.d. | X10: n.d. | Y10: n.d. | Z10: n.d. | AA10: n.d. | AB10: n.d. | AC10: n.d. | AD10: n.d. | AE10: n.d. | AF10: n.d. | AG10: n.d. | AH10: n.d. | AI10: n.d. | AJ10: n.d.
A11: 45474 | B11: n.d. | C11: n.d. | D11: n.d. | E11: n.d. | F11: n.d. | G11: n.d. | H11: n.d. | I11: n.d. | J11: n.d. | K11: n.d. | L11: n.d. | M11: n.d. | N11: n.d. | O11: n.d. | P11: n.d. | Q11: n.d. | R11: n.d. | S11: n.d. | T11: n.d. | U11: n.d. | V11: n.d. | W11: n.d. | X11: n.d. | Y11: n.d. | Z11: n.d. | AA11: n.d. | AB11: n.d. | AC11: n.d. | AD11: n.d. | AE11: n.d. | AF11: n.d. | AG11: n.d. | AH11: n.d. | AI11: n.d. | AJ11: n.d.
A12: 45505 | B12: n.d. | C12: n.d. | D12: n.d. | E12: n.d. | F12: n.d. | G12: n.d. | H12: n.d. | I12: n.d. | J12: n.d. | K12: n.d. | L12: n.d. | M12: n.d. | N12: n.d. | O12: n.d. | P12: n.d. | Q12: n.d. | R12: n.d. | S12: n.d. | T12: n.d. | U12: n.d. | V12: n.d. | W12: n.d. | X12: n.d. | Y12: n.d. | Z12: n.d. | AA12: n.d. | AB12: n.d. | AC12: n.d. | AD12: n.d. | AE12: n.d. | AF12: n.d. | AG12: n.d. | AH12: n.d. | AI12: n.d. | AJ12: n.d.
A13: 45536 | B13: n.d. | C13: n.d. | D13: n.d. | E13: n.d. | F13: n.d. | G13: n.d. | H13: n.d. | I13: n.d. | J13: n.d. | K13: n.d. | L13: n.d. | M13: n.d. | N13: n.d. | O13: n.d. | P13: n.d. | Q13: n.d. | R13: n.d. | S13: n.d. | T13: n.d. | U13: n.d. | V13: n.d. | W13: n.d. | X13: n.d. | Y13: n.d. | Z13: n.d. | AA13: n.d. | AB13: n.d. | AC13: n.d. | AD13: n.d. | AE13: n.d. | AF13: n.d. | AG13: n.d. | AH13: n.d. | AI13: n.d. | AJ13: n.d.
A14: 45566 | B14: n.d. | C14: n.d. | D14: n.d. | E14: n.d. | F14: n.d. | G14: n.d. | H14: n.d. | I14: n.d. | J14: n.d. | K14: n.d. | L14: n.d. | M14: n.d. | N14: n.d. | O14: n.d. | P14: n.d. | Q14: n.d. | R14: n.d. | S14: n.d. | T14: n.d. | U14: n.d. | V14: n.d. | W14: n.d. | X14: n.d. | Y14: n.d. | Z14: n.d. | AA14: n.d. | AB14: n.d. | AC14: n.d. | AD14: n.d. | AE14: n.d. | AF14: n.d. | AG14: n.d. | AH14: n.d. | AI14: n.d. | AJ14: n.d.
A15: 45597 | B15: n.d. | C15: n.d. | D15: n.d. | E15: n.d. | F15: n.d. | G15: n.d. | H15: n.d. | I15: n.d. | J15: n.d. | K15: n.d. | L15: n.d. | M15: n.d. | N15: n.d. | O15: n.d. | P15: n.d. | Q15: n.d. | R15: n.d. | S15: n.d. | T15: n.d. | U15: n.d. | V15: n.d. | W15: n.d. | X15: n.d. | Y15: n.d. | Z15: n.d. | AA15: n.d. | AB15: n.d. | AC15: n.d. | AD15: n.d. | AE15: n.d. | AF15: n.d. | AG15: n.d. | AH15: n.d. | AI15: n.d. | AJ15: n.d.
A16: 45627 | B16: n.d. | C16: n.d. | D16: n.d. | E16: n.d. | F16: n.d. | G16: n.d. | H16: n.d. | I16: n.d. | J16: n.d. | K16: n.d. | L16: n.d. | M16: n.d. | N16: n.d. | O16: n.d. | P16: n.d. | Q16: n.d. | R16: n.d. | S16: n.d. | T16: n.d. | U16: n.d. | V16: n.d. | W16: n.d. | X16: n.d. | Y16: n.d. | Z16: n.d. | AA16: n.d. | AB16: n.d. | AC16: n.d. | AD16: n.d. | AE16: n.d. | AF16: n.d. | AG16: n.d. | AH16: n.d. | AI16: n.d. | AJ16: n.d.
A17: 45659 | B17: =SUM(Empresas!B$17:B17)/SUM(Empresas!B$5:B5)-1 -> 0.11036368 | C17: =SUM(Empresas!C$17:C17)/SUM(Empresas!C$5:C5)-1 -> 0.053557302 | D17: =SUM(Empresas!D$17:D17)/SUM(Empresas!D$5:D5)-1 -> 0.11913714 | E17: =SUM(Empresas!E$17:E17)/SUM(Empresas!E$5:E5)-1 -> 0.16761573 | F17: =SUM(Empresas!F$17:F17)/SUM(Empresas!F$5:F5)-1 -> 0.065517674 | G17: =SUM(Empresas!G$17:G17)/SUM(Empresas!G$5:G5)-1 -> 0.15174518 | H17: =SUM(Empresas!H$17:H17)/SUM(Empresas!H$5:H5)-1 -> 0.088473142 | I17: =SUM(Empresas!I$17:I17)/SUM(Empresas!I$5:I5)-1 -> 0.087395018 | ... AJ17: =SUM(Empresas!AJ$17:AJ17)/SUM(Empresas!AJ$5:AJ5)-1 -> 0.11292643
A18: 45689 | B18: =SUM(Empresas!B$17:B18)/SUM(Empresas!B$5:B6)-1 -> 0.078352156 | C18: =SUM(Empresas!C$17:C18)/SUM(Empresas!C$5:C6)-1 -> 0.040249823 | D18: =SUM(Empresas!D$17:D18)/SUM(Empresas!D$5:D6)-1 -> 0.12400714 | E18: =SUM(Empresas!E$17:E18)/SUM(Empresas!E$5:E6)-1 -> 0.026974131 | F18: =SUM(Empresas!F$17:F18)/SUM(Empresas!F$5:F6)-1 -> 0.090180798 | G18: =SUM(Empresas!G$17:G18)/SUM(Empresas!G$5:G6)-1 -> 0.16324079 | H18: =SUM(Empresas!H$17:H18)/SUM(Empresas!H$5:H6)-1 -> 0.10954735 | I18: =SUM(Empresas!I$17:I18)/SUM(Empresas!I$5:I6)-1 -> 0.044909303 | ... AJ18: =SUM(Empresas!AJ$17:AJ18)/SUM(Empresas!AJ$5:AJ6)-1 -> 0.12204814
A19: 45717 | B19: =SUM(Empresas!B$17:B19)/SUM(Empresas!B$5:B7)-1 -> 0.036527028 | C19: =SUM(Empresas!C$17:C19)/SUM(Empresas!C$5:C7)-1 -> 0.013833743 | D19: =SUM(Empresas!D$17:D19)/SUM(Empresas!D$5:D7)-1 -> 0.044192467 | E19: =SUM(Empresas!E$17:E19)/SUM(Empresas!E$5:E7)-1 -> 0.017625619 | F19: =SUM(Empresas!F$17:F19)/SUM(Empresas!F$5:F7)-1 -> 0.059963203 | G19: =SUM(Empresas!G$17:G19)/SUM(Empresas!G$5:G7)-1 -> 0.11089439 | H19: =SUM(Empresas!H$17:H19)/SUM(Empresas!H$5:H7)-1 -> 0.070121543 | I19: =SUM(Empresas!I$17:I19)/SUM(Empresas!I$5:I7)-1 -> -0.08677377 | ... AJ19: =SUM(Empresas!AJ$17:AJ19)/SUM(Empresas!AJ$5:AJ7)-1 -> 0.081784804
A20: 45748 | B20: =SUM(Empresas!B$17:B20)/SUM(Empresas!B$5:B8)-1 -> 0.034883829 | C20: =SUM(Empresas!C$17:C20)/SUM(Empresas!C$5:C8)-1 -> 0.0090214465 | D20: =SUM(Empresas!D$17:D20)/SUM(Empresas!D$5:D8)-1 -> 0.045175675 | E20: =SUM(Empresas!E$17:E20)/SUM(Empresas!E$5:E8)-1 -> 0.030728395 | F20: =SUM(Empresas!F$17:F20)/SUM(Empresas!F$5:F8)-1 -> 0.046943784 | G20: =SUM(Empresas!G$17:G20)/SUM(Empresas!G$5:G8)-1 -> 0.065106984 | H20: =SUM(Empresas!H$17:H20)/SUM(Empresas!H$5:H8)-1 -> 0.087154207 | I20: =SUM(Empresas!I$17:I20)/SUM(Empresas!I$5:I8)-1 -> -0.055906256 | ... AJ20: =SUM(Empresas!AJ$17:AJ20)/SUM(Empresas!AJ$5:AJ8)-1 -> 0.062699176
A21: 45778 | B21: =SUM(Empresas!B$17:B21)/SUM(Empresas!B$5:B9)-1 -> 0.047476382 | C21: =SUM(Empresas!C$17:C21)/SUM(Empresas!C$5:C9)-1 -> 0.042302023 | D21: =SUM(Empresas!D$17:D21)/SUM(Empresas!D$5:D9)-1 -> 0.073527983 | E21: =SUM(Empresas!E$17:E21)/SUM(Empresas!E$5:E9)-1 -> 0.025166617 | F21: =SUM(Empresas!F$17:F21)/SUM(Empresas!F$5:F9)-1 -> 0.071750311 | G21: =SUM(Empresas!G$17:G21)/SUM(Empresas!G$5:G9)-1 -> 0.07523224 | H21: =SUM(Empresas!H$17:H21)/SUM(Empresas!H$5:H9)-1 -> 0.10668837 | I21: =SUM(Empresas!I$17:I21)/SUM(Empresas!I$5:I9)-1 -> -0.00019182547 | ... AJ21: =SUM(Empresas!AJ$17:AJ21)/SUM(Empresas!AJ$5:AJ9)-1 -> 0.082957763
A22: 45809 | B22: =SUM(Empresas!B$17:B22)/SUM(Empresas!B$5:B10)-1 -> 0.065016973 | C22: =SUM(Empresas!C$17:C22)/SUM(Empresas!C$5:C10)-1 -> 0.024904907 | D22: =SUM(Empresas!D$17:D22)/SUM(Empresas!D$5:D10)-1 -> 0.1059984 | E22: =SUM(Empresas!E$17:E22)/SUM(Empresas!E$5:E10)-1 -> 0.046677292 | F22: =SUM(Empresas!F$17:F22)/SUM(Empresas!F$5:F10)-1 -> 0.060419577 | G22: =SUM(Empresas!G$17:G22)/SUM(Empresas!G$5:G10)-1 -> 0.078941943 | H22: =SUM(Empresas!H$17:H22)/SUM(Empresas!H$5:H10)-1 -> 0.11083244 | I22: =SUM(Empresas!I$17:I22)/SUM(Empresas!I$5:I10)-1 -> 0.011798338 | ... AJ22: =SUM(Empresas!AJ$17:AJ22)/SUM(Empresas!AJ$5:AJ10)-1 -> 0.086702772
A23: 45839 | B23: =SUM(Empresas!B$17:B23)/SUM(Empresas!B$5:B11)-1 -> 0.081026309 | C23: =SUM(Empresas!C$17:C23)/SUM(Empresas!C$5:C11)-1 -> 0.04198012 | D23: =SUM(Empresas!D$17:D23)/SUM(Empresas!D$5:D11)-1 -> 0.13603249 | E23: =SUM(Empresas!E$17:E23)/SUM(Empresas!E$5:E11)-1 -> 0.061952334 | F23: =SUM(Empresas!F$17:F23)/SUM(Empresas!F$5:F11)-1 -> 0.062349346 | G23: =SUM(Empresas!G$17:G23)/SUM(Empresas!G$5:G11)-1 -> 0.078836526 | H23: =SUM(Empresas!H$17:H23)/SUM(Empresas!H$5:H11)-1 -> 0.070694426 | I23: =SUM(Empresas!I$17:I23)/SUM(Empresas!I$5:I11)-1 -> -0.014719044 | ... AJ23: =SUM(Empresas!AJ$17:AJ23)/SUM(Empresas!AJ$5:AJ11)-1 -> 0.079256015
A24: 45870 | B24: =SUM(Empresas!B$17:B24)/SUM(Empresas!B$5:B12)-1 -> 0.067172782 | C24: =SUM(Empresas!C$17:C24)/SUM(Empresas!C$5:C12)-1 -> 0.02376694 | D24: =SUM(Empresas!D$17:D24)/SUM(Empresas!D$5:D12)-1 -> 0.13561746 | E24: =SUM(Empresas!E$17:E24)/SUM(Empresas!E$5:E12)-1 -> 0.04943823 | F24: =SUM(Empresas!F$17:F24)/SUM(Empresas!F$5:F12)-1 -> 0.046791766 | G24: =SUM(Empresas!G$17:G24)/SUM(Empresas!G$5:G12)-1 -> 0.046335972 | H24: =SUM(Empresas!H$17:H24)/SUM(Empresas!H$5:H12)-1 -> 0.039606119 | I24: =SUM(Empresas!I$17:I24)/SUM(Empresas!I$5:I12)-1 -> -0.016506653 | ... AJ24: =SUM(Empresas!AJ$17:AJ24)/SUM(Empresas!AJ$5:AJ12)-1 -> 0.063400696
A25: 45901 | B25: =SUM(Empresas!B$17:B25)/SUM(Empresas!B$5:B13)-1 -> 0.066340731 | C25: =SUM(Empresas!C$17:C25)/SUM(Empresas!C$5:C13)-1 -> 0.032630937 | D25: =SUM(Empresas!D$17:D25)/SUM(Empresas!D$5:D13)-1 -> 0.129604 | E25: =SUM(Empresas!E$17:E25)/SUM(Empresas!E$5:E13)-1 -> 0.059341682 | F25: =SUM(Empresas!F$17:F25)/SUM(Empresas!F$5:F13)-1 -> 0.056164163 | G25: =SUM(Empresas!G$17:G25)/SUM(Empresas!G$5:G13)-1 -> 0.047046447 | H25: =SUM(Empresas!H$17:H25)/SUM(Empresas!H$5:H13)-1 -> 0.047450707 | I25: =SUM(Empresas!I$17:I25)/SUM(Empresas!I$5:I13)-1 -> -0.0061904706 | ... AJ25: =SUM(Empresas!AJ$17:AJ25)/SUM(Empresas!AJ$5:AJ13)-1 -> 0.073616055
A26: 45931 | B26: =SUM(Empresas!B$17:B26)/SUM(Empresas!B$5:B14)-1 -> 0.080963675 | C26: =SUM(Empresas!C$17:C26)/SUM(Empresas!C$5:C14)-1 -> 0.04827742 | D26: =SUM(Empresas!D$17:D26)/SUM(Empresas!D$5:D14)-1 -> 0.15212975 | E26: =SUM(Empresas!E$17:E26)/SUM(Empresas!E$5:E14)-1 -> 0.080147972 | F26: =SUM(Empresas!F$17:F26)/SUM(Empresas!F$5:F14)-1 -> 0.0670484 | G26: =SUM(Empresas!G$17:G26)/SUM(Empresas!G$5:G14)-1 -> 0.063105137 | H26: =SUM(Empresas!H$17:H26)/SUM(Empresas!H$5:H14)-1 -> 0.065206245 | I26: =SUM(Empresas!I$17:I26)/SUM(Empresas!I$5:I14)-1 -> 0.002895436 | ... AJ26: =SUM(Empresas!AJ$17:AJ26)/SUM(Empresas!AJ$5:AJ14)-1 -> 0.088296839
A27: 45962 | B27: =SUM(Empresas!B$17:B27)/SUM(Empresas!B$5:B15)-1 -> 0.084081413 | C27: =SUM(Empresas!C$17:C27)/SUM(Empresas!C$5:C15)-1 -> 0.051238273 | D27: =SUM(Empresas!D$17:D27)/SUM(Empresas!D$5:D15)-1 -> 0.15417954 | E27: =SUM(Empresas!E$17:E27)/SUM(Empresas!E$5:E15)-1 -> 0.084648638 | F27: =SUM(Empresas!F$17:F27)/SUM(Empresas!F$5:F15)-1 -> 0.068237256 | G27: =SUM(Empresas!G$17:G27)/SUM(Empresas!G$5:G15)-1 -> 0.066226293 | H27: =SUM(Empresas!H$17:H27)/SUM(Empresas!H$5:H15)-1 -> 0.092333913 | I27: =SUM(Empresas!I$17:I27)/SUM(Empresas!I$5:I15)-1 -> 0.0098908611 | ... AJ27: =SUM(Empresas!AJ$17:AJ27)/SUM(Empresas!AJ$5:AJ15)-1 -> 0.089695799
A28: 45992 | B28: =SUM(Empresas!B$17:B28)/SUM(Empresas!B$5:B16)-1 -> 0.095891931 | C28: =SUM(Empresas!C$17:C28)/SUM(Empresas!C$5:C16)-1 -> 0.062901679 | D28: =SUM(Empresas!D$17:D28)/SUM(Empresas!D$5:D16)-1 -> 0.15619433 | E28: =SUM(Empresas!E$17:E28)/SUM(Empresas!E$5:E16)-1 -> 0.09032181 | F28: =SUM(Empresas!F$17:F28)/SUM(Empresas!F$5:F16)-1 -> 0.073493322 | G28: =SUM(Empresas!G$17:G28)/SUM(Empresas!G$5:G16)-1 -> 0.076398909 | H28: =SUM(Empresas!H$17:H28)/SUM(Empresas!H$5:H16)-1 -> 0.10873179 | I28: =SUM(Empresas!I$17:I28)/SUM(Empresas!I$5:I16)-1 -> 0.020477603 | ... AJ28: =SUM(Empresas!AJ$17:AJ28)/SUM(Empresas!AJ$5:AJ16)-1 -> 0.098023131
A29: 46023 | B29: =SUM(Empresas!B$29:B29)/SUM(Empresas!B$17:B17)-1 -> 0.17977298 | C29: =SUM(Empresas!C$29:C29)/SUM(Empresas!C$17:C17)-1 -> 0.16204431 | D29: =SUM(Empresas!D$29:D29)/SUM(Empresas!D$17:D17)-1 -> 0.19580824 | E29: =SUM(Empresas!E$29:E29)/SUM(Empresas!E$17:E17)-1 -> 0.082676297 | F29: =SUM(Empresas!F$29:F29)/SUM(Empresas!F$17:F17)-1 -> 0.094694822 | G29: =SUM(Empresas!G$29:G29)/SUM(Empresas!G$17:G17)-1 -> 0.054630646 | H29: =SUM(Empresas!H$29:H29)/SUM(Empresas!H$17:H17)-1 -> 0.094920651 | I29: =SUM(Empresas!I$29:I29)/SUM(Empresas!I$17:I17)-1 -> 0.11163925 | ... AJ29: =SUM(Empresas!AJ$29:AJ29)/SUM(Empresas!AJ$17:AJ17)-1 -> 0.11146138
A30: 46054 | B30: =SUM(Empresas!B$29:B30)/SUM(Empresas!B$17:B18)-1 -> 0.18672982 | C30: =SUM(Empresas!C$29:C30)/SUM(Empresas!C$17:C18)-1 -> 0.16334259 | D30: =SUM(Empresas!D$29:D30)/SUM(Empresas!D$17:D18)-1 -> 0.20519049 | E30: =SUM(Empresas!E$29:E30)/SUM(Empresas!E$17:E18)-1 -> 0.11652731 | F30: =SUM(Empresas!F$29:F30)/SUM(Empresas!F$17:F18)-1 -> 0.095352142 | G30: =SUM(Empresas!G$29:G30)/SUM(Empresas!G$17:G18)-1 -> 0.064774785 | H30: =SUM(Empresas!H$29:H30)/SUM(Empresas!H$17:H18)-1 -> 0.11759394 | I30: =SUM(Empresas!I$29:I30)/SUM(Empresas!I$17:I18)-1 -> 0.090403064 | ... AJ30: =SUM(Empresas!AJ$29:AJ30)/SUM(Empresas!AJ$17:AJ18)-1 -> 0.105694
A31: 46082 | B31: =SUM(Empresas!B$29:B31)/SUM(Empresas!B$17:B19)-1 -> 0.18552015 | C31: =SUM(Empresas!C$29:C31)/SUM(Empresas!C$17:C19)-1 -> 0.18068377 | D31: =SUM(Empresas!D$29:D31)/SUM(Empresas!D$17:D19)-1 -> 0.2328885 | E31: =SUM(Empresas!E$29:E31)/SUM(Empresas!E$17:E19)-1 -> 0.1384626 | F31: =SUM(Empresas!F$29:F31)/SUM(Empresas!F$17:F19)-1 -> 0.11661933 | G31: =SUM(Empresas!G$29:G31)/SUM(Empresas!G$17:G19)-1 -> 0.10803598 | H31: =SUM(Empresas!H$29:H31)/SUM(Empresas!H$17:H19)-1 -> 0.13585889 | I31: =SUM(Empresas!I$29:I31)/SUM(Empresas!I$17:I19)-1 -> 0.11610143 | ... AJ31: =SUM(Empresas!AJ$29:AJ31)/SUM(Empresas!AJ$17:AJ19)-1 -> 0.11063325
A32: 46113 | B32: =SUM(Empresas!B$29:B32)/SUM(Empresas!B$17:B20)-1 -> 0.14665723 | C32: =SUM(Empresas!C$29:C32)/SUM(Empresas!C$17:C20)-1 -> 0.15890587 | D32: =SUM(Empresas!D$29:D32)/SUM(Empresas!D$17:D20)-1 -> 0.20399382 | E32: =SUM(Empresas!E$29:E32)/SUM(Empresas!E$17:E20)-1 -> 0.11278532 | F32: =SUM(Empresas!F$29:F32)/SUM(Empresas!F$17:F20)-1 -> 0.1040134 | G32: =SUM(Empresas!G$29:G32)/SUM(Empresas!G$17:G20)-1 -> 0.1061029 | H32: =SUM(Empresas!H$29:H32)/SUM(Empresas!H$17:H20)-1 -> 0.096506048 | I32: =SUM(Empresas!I$29:I32)/SUM(Empresas!I$17:I20)-1 -> 0.081787283 | ... AJ32: =SUM(Empresas!AJ$29:AJ32)/SUM(Empresas!AJ$17:AJ20)-1 -> 0.096385975
A33: 46143 | B33: =SUM(Empresas!B$29:B33)/SUM(Empresas!B$17:B21)-1 -> 0.094650258 | C33: =SUM(Empresas!C$29:C33)/SUM(Empresas!C$17:C21)-1 -> 0.12426404 | D33: =SUM(Empresas!D$29:D33)/SUM(Empresas!D$17:D21)-1 -> 0.15973701 | E33: =SUM(Empresas!E$29:E33)/SUM(Empresas!E$17:E21)-1 -> 0.091432658 | F33: =SUM(Empresas!F$29:F33)/SUM(Empresas!F$17:F21)-1 -> 0.081378612 | G33: =SUM(Empresas!G$29:G33)/SUM(Empresas!G$17:G21)-1 -> 0.08813705 | H33: =SUM(Empresas!H$29:H33)/SUM(Empresas!H$17:H21)-1 -> 0.075262102 | I33: =SUM(Empresas!I$29:I33)/SUM(Empresas!I$17:I21)-1 -> 0.042263686 | ... AJ33: =SUM(Empresas!AJ$29:AJ33)/SUM(Empresas!AJ$17:AJ21)-1 -> 0.076938252
A34: 46174 | B34: =SUM(Empresas!B$29:B34)/SUM(Empresas!B$17:B22)-1 -> 0.072652031 | C34: =SUM(Empresas!C$29:C34)/SUM(Empresas!C$17:C22)-1 -> 0.1167039 | D34: =SUM(Empresas!D$29:D34)/SUM(Empresas!D$17:D22)-1 -> 0.12837918 | E34: =SUM(Empresas!E$29:E34)/SUM(Empresas!E$17:E22)-1 -> 0.077685626 | F34: =SUM(Empresas!F$29:F34)/SUM(Empresas!F$17:F22)-1 -> 0.077341511 | G34: =SUM(Empresas!G$29:G34)/SUM(Empresas!G$17:G22)-1 -> 0.082538171 | H34: =SUM(Empresas!H$29:H34)/SUM(Empresas!H$17:H22)-1 -> 0.072487827 | I34: =SUM(Empresas!I$29:I34)/SUM(Empresas!I$17:I22)-1 -> 0.037908392 | ... AJ34: =SUM(Empresas!AJ$29:AJ34)/SUM(Empresas!AJ$17:AJ22)-1 -> 0.074998458
A35: 46204 | B35: =SUM(Empresas!B$29:B35)/SUM(Empresas!B$17:B23)-1 -> 0.087063545 | C35: =SUM(Empresas!C$29:C35)/SUM(Empresas!C$17:C23)-1 -> 0.13659538 | D35: =SUM(Empresas!D$29:D35)/SUM(Empresas!D$17:D23)-1 -> 0.1203292 | E35: =SUM(Empresas!E$29:E35)/SUM(Empresas!E$17:E23)-1 -> 0.10011957 | F35: =SUM(Empresas!F$29:F35)/SUM(Empresas!F$17:F23)-1 -> 0.094764564 | G35: =SUM(Empresas!G$29:G35)/SUM(Empresas!G$17:G23)-1 -> 0.095479009 | H35: =SUM(Empresas!H$29:H35)/SUM(Empresas!H$17:H23)-1 -> 0.096079431 | I35: =SUM(Empresas!I$29:I35)/SUM(Empresas!I$17:I23)-1 -> 0.054470752 | ... AJ35: =SUM(Empresas!AJ$29:AJ35)/SUM(Empresas!AJ$17:AJ23)-1 -> 0.090607132
A36: 46235 | B36: =SUM(Empresas!B$29:B36)/SUM(Empresas!B$17:B24)-1 -> 0.064229358 | C36: =SUM(Empresas!C$29:C36)/SUM(Empresas!C$17:C24)-1 -> 0.13320457 | D36: =SUM(Empresas!D$29:D36)/SUM(Empresas!D$17:D24)-1 -> 0.098025621 | E36: =SUM(Empresas!E$29:E36)/SUM(Empresas!E$17:E24)-1 -> 0.088659004 | F36: =SUM(Empresas!F$29:F36)/SUM(Empresas!F$17:F24)-1 -> 0.091644659 | G36: =SUM(Empresas!G$29:G36)/SUM(Empresas!G$17:G24)-1 -> 0.086453685 | H36: =SUM(Empresas!H$29:H36)/SUM(Empresas!H$17:H24)-1 -> 0.095264548 | I36: =SUM(Empresas!I$29:I36)/SUM(Empresas!I$17:I24)-1 -> 0.050891763 | ... AJ36: =SUM(Empresas!AJ$29:AJ36)/SUM(Empresas!AJ$17:AJ24)-1 -> 0.085761841
A37: 46266
A38: 46296
A39: 46327
A40: 46357

Sheet Var. Acumulada em 12 Meses
A2: Indicador Serasa Experian de Demanda das Empresas por Crédito - Variação Acumulada em 12 Meses
B3: Estado | AC3: Setor | AG3: Porte
A4: Mês | B4: AC | C4: AL | D4: AM | E4: AP | F4: BA | G4: CE | H4: DF | I4: ES | J4: GO | K4: MA | L4: MG | M4: MS | N4: MT | O4: PA | P4: PB | Q4: PE | R4: PI | S4: PR | T4: RJ | U4: RN | V4: RO | W4: RR | X4: RS | Y4: SC | Z4: SE | AA4: SP | AB4: TO | AC4: Agropecuária | AD4: Indústria | AE4: Comércio | AF4: Serviços | AG4: MPE | AH4: Médias | AI4: Grandes | AJ4: Total
A5: 45293 | B5: n.d. | C5: n.d. | D5: n.d. | E5: n.d. | F5: n.d. | G5: n.d. | H5: n.d. | I5: n.d. | J5: n.d. | K5: n.d. | L5: n.d. | M5: n.d. | N5: n.d. | O5: n.d. | P5: n.d. | Q5: n.d. | R5: n.d. | S5: n.d. | T5: n.d. | U5: n.d. | V5: n.d. | W5: n.d. | X5: n.d. | Y5: n.d. | Z5: n.d. | AA5: n.d. | AB5: n.d. | AC5: n.d. | AD5: n.d. | AE5: n.d. | AF5: n.d. | AG5: n.d. | AH5: n.d. | AI5: n.d. | AJ5: n.d.
A6: 45323 | B6: n.d. | C6: n.d. | D6: n.d. | E6: n.d. | F6: n.d. | G6: n.d. | H6: n.d. | I6: n.d. | J6: n.d. | K6: n.d. | L6: n.d. | M6: n.d. | N6: n.d. | O6: n.d. | P6: n.d. | Q6: n.d. | R6: n.d. | S6: n.d. | T6: n.d. | U6: n.d. | V6: n.d. | W6: n.d. | X6: n.d. | Y6: n.d. | Z6: n.d. | AA6: n.d. | AB6: n.d. | AC6: n.d. | AD6: n.d. | AE6: n.d. | AF6: n.d. | AG6: n.d. | AH6: n.d. | AI6: n.d. | AJ6: n.d.
A7: 45352 | B7: n.d. | C7: n.d. | D7: n.d. | E7: n.d. | F7: n.d. | G7: n.d. | H7: n.d. | I7: n.d. | J7: n.d. | K7: n.d. | L7: n.d. | M7: n.d. | N7: n.d. | O7: n.d. | P7: n.d. | Q7: n.d. | R7: n.d. | S7: n.d. | T7: n.d. | U7: n.d. | V7: n.d. | W7: n.d. | X7: n.d. | Y7: n.d. | Z7: n.d. | AA7: n.d. | AB7: n.d. | AC7: n.d. | AD7: n.d. | AE7: n.d. | AF7: n.d. | AG7: n.d. | AH7: n.d. | AI7: n.d. | AJ7: n.d.
A8: 45383 | B8: n.d. | C8: n.d. | D8: n.d. | E8: n.d. | F8: n.d. | G8: n.d. | H8: n.d. | I8: n.d. | J8: n.d. | K8: n.d. | L8: n.d. | M8: n.d. | N8: n.d. | O8: n.d. | P8: n.d. | Q8: n.d. | R8: n.d. | S8: n.d. | T8: n.d. | U8: n.d. | V8: n.d. | W8: n.d. | X8: n.d. | Y8: n.d. | Z8: n.d. | AA8: n.d. | AB8: n.d. | AC8: n.d. | AD8: n.d. | AE8: n.d. | AF8: n.d. | AG8: n.d. | AH8: n.d. | AI8: n.d. | AJ8: n.d.
A9: 45413 | B9: n.d. | C9: n.d. | D9: n.d. | E9: n.d. | F9: n.d. | G9: n.d. | H9: n.d. | I9: n.d. | J9: n.d. | K9: n.d. | L9: n.d. | M9: n.d. | N9: n.d. | O9: n.d. | P9: n.d. | Q9: n.d. | R9: n.d. | S9: n.d. | T9: n.d. | U9: n.d. | V9: n.d. | W9: n.d. | X9: n.d. | Y9: n.d. | Z9: n.d. | AA9: n.d. | AB9: n.d. | AC9: n.d. | AD9: n.d. | AE9: n.d. | AF9: n.d. | AG9: n.d. | AH9: n.d. | AI9: n.d. | AJ9: n.d.
A10: 45444 | B10: n.d. | C10: n.d. | D10: n.d. | E10: n.d. | F10: n.d. | G10: n.d. | H10: n.d. | I10: n.d. | J10: n.d. | K10: n.d. | L10: n.d. | M10: n.d. | N10: n.d. | O10: n.d. | P10: n.d. | Q10: n.d. | R10: n.d. | S10: n.d. | T10: n.d. | U10: n.d. | V10: n.d. | W10: n.d. | X10: n.d. | Y10: n.d. | Z10: n.d. | AA10: n.d. | AB10: n.d. | AC10: n.d. | AD10: n.d. | AE10: n.d. | AF10: n.d. | AG10: n.d. | AH10: n.d. | AI10: n.d. | AJ10: n.d.
A11: 45474 | B11: n.d. | C11: n.d. | D11: n.d. | E11: n.d. | F11: n.d. | G11: n.d. | H11: n.d. | I11: n.d. | J11: n.d. | K11: n.d. | L11: n.d. | M11: n.d. | N11: n.d. | O11: n.d. | P11: n.d. | Q11: n.d. | R11: n.d. | S11: n.d. | T11: n.d. | U11: n.d. | V11: n.d. | W11: n.d. | X11: n.d. | Y11: n.d. | Z11: n.d. | AA11: n.d. | AB11: n.d. | AC11: n.d. | AD11: n.d. | AE11: n.d. | AF11: n.d. | AG11: n.d. | AH11: n.d. | AI11: n.d. | AJ11: n.d.
A12: 45505 | B12: n.d. | C12: n.d. | D12: n.d. | E12: n.d. | F12: n.d. | G12: n.d. | H12: n.d. | I12: n.d. | J12: n.d. | K12: n.d. | L12: n.d. | M12: n.d. | N12: n.d. | O12: n.d. | P12: n.d. | Q12: n.d. | R12: n.d. | S12: n.d. | T12: n.d. | U12: n.d. | V12: n.d. | W12: n.d. | X12: n.d. | Y12: n.d. | Z12: n.d. | AA12: n.d. | AB12: n.d. | AC12: n.d. | AD12: n.d. | AE12: n.d. | AF12: n.d. | AG12: n.d. | AH12: n.d. | AI12: n.d. | AJ12: n.d.
A13: 45536 | B13: n.d. | C13: n.d. | D13: n.d. | E13: n.d. | F13: n.d. | G13: n.d. | H13: n.d. | I13: n.d. | J13: n.d. | K13: n.d. | L13: n.d. | M13: n.d. | N13: n.d. | O13: n.d. | P13: n.d. | Q13: n.d. | R13: n.d. | S13: n.d. | T13: n.d. | U13: n.d. | V13: n.d. | W13: n.d. | X13: n.d. | Y13: n.d. | Z13: n.d. | AA13: n.d. | AB13: n.d. | AC13: n.d. | AD13: n.d. | AE13: n.d. | AF13: n.d. | AG13: n.d. | AH13: n.d. | AI13: n.d. | AJ13: n.d.
A14: 45566 | B14: n.d. | C14: n.d. | D14: n.d. | E14: n.d. | F14: n.d. | G14: n.d. | H14: n.d. | I14: n.d. | J14: n.d. | K14: n.d. | L14: n.d. | M14: n.d. | N14: n.d. | O14: n.d. | P14: n.d. | Q14: n.d. | R14: n.d. | S14: n.d. | T14: n.d. | U14: n.d. | V14: n.d. | W14: n.d. | X14: n.d. | Y14: n.d. | Z14: n.d. | AA14: n.d. | AB14: n.d. | AC14: n.d. | AD14: n.d. | AE14: n.d. | AF14: n.d. | AG14: n.d. | AH14: n.d. | AI14: n.d. | AJ14: n.d.
A15: 45597 | B15: n.d. | C15: n.d. | D15: n.d. | E15: n.d. | F15: n.d. | G15: n.d. | H15: n.d. | I15: n.d. | J15: n.d. | K15: n.d. | L15: n.d. | M15: n.d. | N15: n.d. | O15: n.d. | P15: n.d. | Q15: n.d. | R15: n.d. | S15: n.d. | T15: n.d. | U15: n.d. | V15: n.d. | W15: n.d. | X15: n.d. | Y15: n.d. | Z15: n.d. | AA15: n.d. | AB15: n.d. | AC15: n.d. | AD15: n.d. | AE15: n.d. | AF15: n.d. | AG15: n.d. | AH15: n.d. | AI15: n.d. | AJ15: n.d.
A16: 45627 | B16: n.d. | C16: n.d. | D16: n.d. | E16: n.d. | F16: n.d. | G16: n.d. | H16: n.d. | I16: n.d. | J16: n.d. | K16: n.d. | L16: n.d. | M16: n.d. | N16: n.d. | O16: n.d. | P16: n.d. | Q16: n.d. | R16: n.d. | S16: n.d. | T16: n.d. | U16: n.d. | V16: n.d. | W16: n.d. | X16: n.d. | Y16: n.d. | Z16: n.d. | AA16: n.d. | AB16: n.d. | AC16: n.d. | AD16: n.d. | AE16: n.d. | AF16: n.d. | AG16: n.d. | AH16: n.d. | AI16: n.d. | AJ16: n.d.
... A27: 45962 | B27: n.d. | C27: n.d. | D27: n.d. | E27: n.d. | F27: n.d. | G27: n.d. | H27: n.d. | I27: n.d. | J27: n.d. | K27: n.d. | L27: n.d. | M27: n.d. | N27: n.d. | O27: n.d. | P27: n.d. | Q27: n.d. | R27: n.d. | S27: n.d. | T27: n.d. | U27: n.d. | V27: n.d. | W27: n.d. | X27: n.d. | Y27: n.d. | Z27: n.d. | AA27: n.d. | AB27: n.d. | AC27: n.d. | AD27: n.d. | AE27: n.d. | AF27: n.d. | AG27: n.d. | AH27: n.d. | AI27: n.d. | AJ27: n.d.
A28: 45992 | B28: =SUM(Empresas!B17:B28)/SUM(Empresas!B5:B16)-1 -> 0.095891931 | C28: =SUM(Empresas!C17:C28)/SUM(Empresas!C5:C16)-1 -> 0.062901679 | D28: =SUM(Empresas!D17:D28)/SUM(Empresas!D5:D16)-1 -> 0.15619433 | E28: =SUM(Empresas!E17:E28)/SUM(Empresas!E5:E16)-1 -> 0.09032181 | F28: =SUM(Empresas!F17:F28)/SUM(Empresas!F5:F16)-1 -> 0.073493322 | G28: =SUM(Empresas!G17:G28)/SUM(Empresas!G5:G16)-1 -> 0.076398909 | H28: =SUM(Empresas!H17:H28)/SUM(Empresas!H5:H16)-1 -> 0.10873179 | I28: =SUM(Empresas!I17:I28)/SUM(Empresas!I5:I16)-1 -> 0.020477603 | ... AJ28: =SUM(Empresas!AJ17:AJ28)/SUM(Empresas!AJ5:AJ16)-1 -> 0.098023131
A29: 46023 | B29: =SUM(Empresas!B18:B29)/SUM(Empresas!B6:B17)-1 -> 0.10145655 | C29: =SUM(Empresas!C18:C29)/SUM(Empresas!C6:C17)-1 -> 0.071844464 | D29: =SUM(Empresas!D18:D29)/SUM(Empresas!D6:D17)-1 -> 0.16235841 | E29: =SUM(Empresas!E18:E29)/SUM(Empresas!E6:E17)-1 -> 0.083941652 | F29: =SUM(Empresas!F18:F29)/SUM(Empresas!F6:F17)-1 -> 0.075906728 | G29: =SUM(Empresas!G18:G29)/SUM(Empresas!G6:G17)-1 -> 0.068561242 | H29: =SUM(Empresas!H18:H29)/SUM(Empresas!H6:H17)-1 -> 0.10912507 | I29: =SUM(Empresas!I18:I29)/SUM(Empresas!I6:I17)-1 -> 0.022833399 | ... AJ29: =SUM(Empresas!AJ18:AJ29)/SUM(Empresas!AJ6:AJ17)-1 -> 0.098027164
A30: 46054 | B30: =SUM(Empresas!B19:B30)/SUM(Empresas!B7:B18)-1 -> 0.11292131 | C30: =SUM(Empresas!C19:C30)/SUM(Empresas!C7:C18)-1 -> 0.082695043 | D30: =SUM(Empresas!D19:D30)/SUM(Empresas!D7:D18)-1 -> 0.16911562 | E30: =SUM(Empresas!E19:E30)/SUM(Empresas!E7:E18)-1 -> 0.10505161 | F30: =SUM(Empresas!F19:F30)/SUM(Empresas!F7:F18)-1 -> 0.074572478 | G30: =SUM(Empresas!G19:G30)/SUM(Empresas!G7:G18)-1 -> 0.061564915 | H30: =SUM(Empresas!H19:H30)/SUM(Empresas!H7:H18)-1 -> 0.11003755 | I30: =SUM(Empresas!I19:I30)/SUM(Empresas!I7:I18)-1 -> 0.027794822 | ... AJ30: =SUM(Empresas!AJ19:AJ30)/SUM(Empresas!AJ7:AJ18)-1 -> 0.09570797
A31: 46082 | B31: =SUM(Empresas!B20:B31)/SUM(Empresas!B8:B19)-1 -> 0.13136926 | C31: =SUM(Empresas!C20:C31)/SUM(Empresas!C8:C19)-1 -> 0.10306258 | D31: =SUM(Empresas!D20:D31)/SUM(Empresas!D8:D19)-1 -> 0.20220805 | E31: =SUM(Empresas!E20:E31)/SUM(Empresas!E8:E19)-1 -> 0.11996675 | F31: =SUM(Empresas!F20:F31)/SUM(Empresas!F8:F19)-1 -> 0.087258745 | G31: =SUM(Empresas!G20:G31)/SUM(Empresas!G8:G19)-1 -> 0.076543788 | H31: =SUM(Empresas!H20:H31)/SUM(Empresas!H8:H19)-1 -> 0.12396619 | I31: =SUM(Empresas!I20:I31)/SUM(Empresas!I8:I19)-1 -> 0.071329787 | ... AJ31: =SUM(Empresas!AJ20:AJ31)/SUM(Empresas!AJ8:AJ19)-1 -> 0.10499573
A32: 46113 | B32: =SUM(Empresas!B21:B32)/SUM(Empresas!B9:B20)-1 -> 0.13147796 | C32: =SUM(Empresas!C21:C32)/SUM(Empresas!C9:C20)-1 -> 0.11114136 | D32: =SUM(Empresas!D21:D32)/SUM(Empresas!D9:D20)-1 -> 0.2077177 | E32: =SUM(Empresas!E21:E32)/SUM(Empresas!E9:E20)-1 -> 0.11691887 | F32: =SUM(Empresas!F21:F32)/SUM(Empresas!F9:F20)-1 -> 0.091824555 | G32: =SUM(Empresas!G21:G32)/SUM(Empresas!G9:G20)-1 -> 0.08962526 | H32: =SUM(Empresas!H21:H32)/SUM(Empresas!H9:H20)-1 -> 0.1112097 | I32: =SUM(Empresas!I21:I32)/SUM(Empresas!I9:I20)-1 -> 0.066092335 | ... AJ32: =SUM(Empresas!AJ21:AJ32)/SUM(Empresas!AJ9:AJ20)-1 -> 0.10862061
A33: 46143 | B33: =SUM(Empresas!B22:B33)/SUM(Empresas!B10:B21)-1 -> 0.11472587 | C33: =SUM(Empresas!C22:C33)/SUM(Empresas!C10:C21)-1 -> 0.096238552 | D33: =SUM(Empresas!D22:D33)/SUM(Empresas!D10:D21)-1 -> 0.19055721 | E33: =SUM(Empresas!E22:E33)/SUM(Empresas!E10:E21)-1 -> 0.11774237 | F33: =SUM(Empresas!F22:F33)/SUM(Empresas!F10:F21)-1 -> 0.07744987 | G33: =SUM(Empresas!G22:G33)/SUM(Empresas!G10:G21)-1 -> 0.081709547 | H33: =SUM(Empresas!H22:H33)/SUM(Empresas!H10:H21)-1 -> 0.095780482 | I33: =SUM(Empresas!I22:I33)/SUM(Empresas!I10:I21)-1 -> 0.037855702 | ... AJ33: =SUM(Empresas!AJ22:AJ33)/SUM(Empresas!AJ10:AJ21)-1 -> 0.094995096
A34: 46174 | B34: =SUM(Empresas!B23:B34)/SUM(Empresas!B11:B22)-1 -> 0.098815496 | C34: =SUM(Empresas!C23:C34)/SUM(Empresas!C11:C22)-1 -> 0.10842611 | D34: =SUM(Empresas!D23:D34)/SUM(Empresas!D11:D22)-1 -> 0.1652658 | E34: =SUM(Empresas!E23:E34)/SUM(Empresas!E11:E22)-1 -> 0.10522359 | F34: =SUM(Empresas!F23:F34)/SUM(Empresas!F11:F22)-1 -> 0.081589343 | G34: =SUM(Empresas!G23:G34)/SUM(Empresas!G11:G22)-1 -> 0.078293645 | H34: =SUM(Empresas!H23:H34)/SUM(Empresas!H11:H22)-1 -> 0.089945332 | I34: =SUM(Empresas!I23:I34)/SUM(Empresas!I11:I22)-1 -> 0.033340095 | ... AJ34: =SUM(Empresas!AJ23:AJ34)/SUM(Empresas!AJ11:AJ22)-1 -> 0.091626044
A35: 46204 | B35: =SUM(Empresas!B24:B35)/SUM(Empresas!B12:B23)-1 -> 0.098830068 | C35: =SUM(Empresas!C24:C35)/SUM(Empresas!C12:C23)-1 -> 0.1183784 | D35: =SUM(Empresas!D24:D35)/SUM(Empresas!D12:D23)-1 -> 0.1451739 | E35: =SUM(Empresas!E24:E35)/SUM(Empresas!E12:E23)-1 -> 0.11222889 | F35: =SUM(Empresas!F24:F35)/SUM(Empresas!F12:F23)-1 -> 0.092285229 | G35: =SUM(Empresas!G24:G35)/SUM(Empresas!G12:G23)-1 -> 0.08636201 | H35: =SUM(Empresas!H24:H35)/SUM(Empresas!H12:H23)-1 -> 0.1222101 | I35: =SUM(Empresas!I24:I35)/SUM(Empresas!I12:I23)-1 -> 0.061902156 | ... AJ35: =SUM(Empresas!AJ24:AJ35)/SUM(Empresas!AJ12:AJ23)-1 -> 0.1039886
A36: 46235 | B36: =SUM(Empresas!B25:B36)/SUM(Empresas!B13:B24)-1 -> 0.092596116 | C36: =SUM(Empresas!C25:C36)/SUM(Empresas!C13:C24)-1 -> 0.13716744 | D36: =SUM(Empresas!D25:D36)/SUM(Empresas!D13:D24)-1 -> 0.12823206 | E36: =SUM(Empresas!E25:E36)/SUM(Empresas!E13:E24)-1 -> 0.11619534 | F36: =SUM(Empresas!F25:F36)/SUM(Empresas!F13:F24)-1 -> 0.10331559 | G36: =SUM(Empresas!G25:G36)/SUM(Empresas!G13:G24)-1 -> 0.10319249 | H36: =SUM(Empresas!H25:H36)/SUM(Empresas!H13:H24)-1 -> 0.14498831 | I36: =SUM(Empresas!I25:I36)/SUM(Empresas!I13:I24)-1 -> 0.0669425 | ... AJ36: =SUM(Empresas!AJ25:AJ36)/SUM(Empresas!AJ13:AJ24)-1 -> 0.11201628
A37: 46266
A38: 46296
A39: 46327
A40: 46357

Sheet Empresas
A2: Indicador Serasa Experian de Demanda das Empresas por Crédito (Média de 2024 = 100)
B3: Estado | AC3: Setor | AG3: Porte
A4: Mês | B4: AC | C4: AL | D4: AM | E4: AP | F4: BA | G4: CE | H4: DF | I4: ES | J4: GO | K4: MA | L4: MG | M4: MS | N4: MT | O4: PA | P4: PB | Q4: PE | R4: PI | S4: PR | T4: RJ | U4: RN | V4: RO | W4: RR | X4: RS | Y4: SC | Z4: SE | AA4: SP | AB4: TO | AC4: Agropecuária | AD4: Indústria | AE4: Comércio | AF4: Serviços | AG4: MPE | AH4: Médias | AI4: Grandes | AJ4: Total
A5: 45293 | B5: 85.55187 | C5: 94.701233 | D5: 91.709027 | E5: 89.912536 | F5: 95.240653 | G5: 94.783314 | H5: 90.919781 | I5: 88.32738 | J5: 95.98903 | K5: 95.865529 | L5: 94.254689 | M5: 90.989359 | N5: 92.145626 | O5: 93.469441 | P5: 96.059751 | Q5: 89.299456 | R5: 93.406028 | S5: 94.513516 | T5: 93.897432 | U5: 94.504658 | V5: 90.231431 | W5: 98.367017 | X5: 93.526287 | Y5: 92.58144 | Z5: 93.599588 | AA5: 91.553234 | AB5: 94.534766 | AC5: 86.479748 | AD5: 93.324982 | AE5: 95.075305 | AF5: 90.721933 | AG5: 92.871273 | AH5: 96.528852 | AI5: 98.632992 | AJ5: 93.003565
A6: 45323 | B6: 93.452347 | C6: 93.301456 | D6: 89.310327 | E6: 106.78482 | F6: 88.568773 | G6: 86.96494 | H6: 85.646508 | I6: 93.446361 | J6: 91.657698 | K6: 86.335525 | L6: 90.804902 | M6: 87.799954 | N6: 94.019762 | O6: 91.198634 | P6: 91.325722 | Q6: 84.681112 | R6: 92.341962 | S6: 93.527055 | T6: 83.231947 | U6: 87.728425 | V6: 110.53904 | W6: 87.800785 | X6: 96.643781 | Y6: 91.720825 | Z6: 90.40814 | AA6: 89.821002 | AB6: 92.054493 | AC6: 86.61554 | AD6: 90.262304 | AE6: 93.493132 | AF6: 87.440374 | AG6: 90.369686 | AH6: 96.033576 | AI6: 97.029321 | AJ6: 90.552889
A7: 45352 | B7: 102.98881 | C7: 98.991053 | D7: 109.51434 | E7: 96.90661 | F7: 98.96095 | G7: 92.51547 | H7: 98.045857 | I7: 124.88771 | J7: 97.355716 | K7: 102.1681 | L7: 97.529096 | M7: 92.889446 | N7: 96.942489 | O7: 101.87929 | P7: 99.442391 | Q7: 94.182667 | R7: 99.319328 | S7: 98.075763 | T7: 109.16501 | U7: 99.989257 | V7: 98.832993 | W7: 100.52759 | X7: 99.483379 | Y7: 96.051604 | Z7: 98.831818 | AA7: 107.14824 | AB7: 101.22188 | AC7: 92.910967 | AD7: 100.71391 | AE7: 101.43087 | AF7: 103.27701 | AG7: 101.67303 | AH7: 111.1401 | AI7: 106.40174 | AJ7: 101.91797
A8: 45383 | B8: 98.257399 | C8: 98.114123 | D8: 99.180006 | E8: 95.954373 | F8: 98.853348 | G8: 103.01466 | H8: 93.834498 | I8: 93.420712 | J8: 101.48168 | K8: 97.654351 | L8: 99.058014 | M8: 95.153846 | N8: 98.005467 | O8: 98.66337 | P8: 99.761682 | Q8: 99.93304 | R8: 98.394163 | S8: 98.263989 | T8: 95.742958 | U8: 101.4952 | V8: 99.712319 | W8: 101.73957 | X8: 109.84433 | Y8: 97.036819 | Z8: 100.73708 | AA8: 104.62649 | AB8: 97.0689 | AC8: 114.15469 | AD8: 101.87717 | AE8: 101.18012 | AF8: 99.541365 | AG8: 100.86976 | AH8: 99.041107 | AI8: 100.59101 | AJ8: 100.82852
A9: 45413 | B9: 108.72308 | C9: 96.015719 | D9: 101.51875 | E9: 112.00725 | F9: 97.464744 | G9: 98.714438 | H9: 93.8889 | I9: 91.117541 | J9: 96.492568 | K9: 98.467908 | L9: 95.921228 | M9: 101.71535 | N9: 97.587539 | O9: 105.18436 | P9: 97.65882 | Q9: 92.726679 | R9: 97.434636 | S9: 97.602671 | T9: 95.58469 | U9: 102.80603 | V9: 106.15693 | W9: 103.06372 | X9: 84.304644 | Y9: 99.89434 | Z9: 94.753464 | AA9: 99.415491 | AB9: 103.45865 | AC9: 92.120699 | AD9: 99.236052 | AE9: 97.618195 | AF9: 95.686823 | AG9: 97.039042 | AH9: 97.116146 | AI9: 98.732993 | AJ9: 97.056881
A10: 45444 | B10: 102.24416 | C10: 112.64014 | D10: 98.116141 | E10: 100.06185 | F10: 103.87348 | G10: 102.36137 | H10: 97.347778 | I10: 98.733757 | J10: 100.4066 | K10: 104.53451 | L10: 104.71535 | M10: 96.89159 | N10: 102.38728 | O10: 105.36897 | P10: 97.978231 | Q10: 91.955315 | R10: 103.9534 | S10: 99.442063 | T10: 104.9352 | U10: 98.393984 | V10: 102.96421 | W10: 103.93086 | X10: 100.64109 | Y10: 104.27421 | Z10: 92.683524 | AA10: 96.958844 | AB10: 104.47927 | AC10: 97.071558 | AD10: 101.68612 | AE10: 102.03115 | AF10: 98.592886 | AG10: 100.6026 | AH10: 99.773114 | AI10: 100.44213 | AJ10: 100.58357
A11: 45474 | B11: 102.30659 | C11: 104.20291 | D11: 103.65172 | E11: 100.95368 | F11: 109.40605 | G11: 110.29044 | H11: 127.46807 | I11: 127.38331 | J11: 112.2618 | K11: 101.5374 | L11: 116.64889 | M11: 144.3592 | N11: 118.64249 | O11: 103.34162 | P11: 112.77123 | Q11: 105.01146 | R11: 105.3375 | S11: 109.62832 | T11: 124.24704 | U11: 107.00733 | V11: 102.33188 | W11: 107.21214 | X11: 112.31471 | Y11: 108.34587 | Z11: 108.22885 | AA11: 107.09749 | AB11: 110.7684 | AC11: 118.45108 | AD11: 109.71716 | AE11: 112.08441 | AF11: 111.84795 | AG11: 112.00563 | AH11: 101.67875 | AI11: 102.95156 | AJ11: 111.70116
A12: 45505 | B12: 122.12054 | C12: 117.06998 | D12: 111.89385 | E12: 117.51154 | F12: 115.33499 | G12: 128.60455 | H12: 123.21522 | I12: 106.73154 | J12: 114.63421 | K12: 124.4815 | L12: 112.85992 | M12: 109.05279 | N12: 109.30212 | O12: 111.39682 | P12: 117.42449 | Q12: 166.71327 | R12: 119.66996 | S12: 112.64607 | T12: 117.2008 | U12: 111.92754 | V12: 113.95288 | W12: 114.4896 | X12: 113.78815 | Y12: 111.01203 | Z12: 117.07133 | AA12: 114.53975 | AB12: 110.93104 | AC12: 115.45474 | AD12: 115.81264 | AE12: 114.90129 | AF12: 116.54018 | AG12: 116.16912 | AH12: 99.98037 | AI12: 101.36719 | AJ12: 115.686
A13: 45536 | B13: 107.01147 | C13: 99.979559 | D13: 110.01311 | E13: 101.03202 | F13: 102.66987 | G13: 103.78094 | H13: 102.2464 | I13: 94.265339 | J13: 100.76097 | K13: 105.71798 | L13: 101.86807 | M13: 100.67749 | N13: 101.14869 | O13: 106.80512 | P13: 101.24322 | Q13: 101.33223 | R13: 104.3987 | S13: 104.45542 | T13: 102.89485 | U13: 102.87064 | V13: 99.695011 | W13: 102.65756 | X13: 99.134002 | Y13: 102.89034 | Z13: 107.55104 | AA13: 100.92039 | AB13: 101.78116 | AC13: 100.46414 | AD13: 102.81821 | AE13: 100.31446 | AF13: 103.27511 | AG13: 101.65439 | AH13: 110.70692 | AI13: 102.86435 | AJ13: 101.8569
A14: 45566 | B14: 103.21436 | C14: 103.10202 | D14: 98.762502 | E14: 100.15509 | F14: 103.61629 | G14: 98.821827 | H14: 97.938685 | I14: 104.80757 | J14: 103.80141 | K14: 103.87628 | L14: 105.0501 | M14: 99.58461 | N14: 104.25948 | O14: 101.17762 | P14: 102.47395 | Q14: 98.400005 | R14: 101.72301 | S14: 107.40472 | T14: 97.404256 | U14: 108.01568 | V14: 100.03998 | W14: 100.75583 | X14: 104.76472 | Y14: 110.24547 | Z14: 108.55726 | AA14: 105.20975 | AB14: 100.69283 | AC14: 105.00095 | AD14: 104.32465 | AE14: 103.72314 | AF14: 104.64554 | AG14: 104.3589 | AH14: 98.677286 | AI14: 99.394566 | AJ14: 104.19155
A15: 45597 | B15: 93.562037 | C15: 96.772225 | D15: 98.003784 | E15: 94.458346 | F15: 97.498453 | G15: 97.097326 | H15: 98.249347 | I15: 97.035871 | J15: 97.660701 | K15: 95.190143 | L15: 97.198363 | M15: 94.262914 | N15: 97.504421 | O15: 96.49009 | P15: 99.46796 | Q15: 93.199347 | R15: 98.012331 | S15: 98.151603 | T15: 92.01457 | U15: 95.388119 | V15: 92.289509 | W15: 93.741159 | X15: 97.96043 | Y15: 98.065119 | Z15: 97.812351 | AA15: 99.386767 | AB15: 95.870331 | AC15: 107.75241 | AD15: 94.742355 | AE15: 95.533587 | AF15: 100.43089 | AG15: 97.506481 | AH15: 95.845493 | AI15: 96.27594 | AJ15: 97.45967
A16: 45627 | B16: 80.56734 | C16: 85.109592 | D16: 88.326447 | E16: 84.261893 | F16: 88.512404 | G16: 83.050724 | H16: 91.198957 | I16: 79.842914 | J16: 87.497611 | K16: 84.170768 | L16: 84.091377 | M16: 86.623451 | N16: 88.054637 | O16: 85.02466 | P16: 84.392568 | Q16: 82.565428 | R16: 86.008989 | S16: 86.288803 | T16: 83.681241 | U16: 89.873141 | V16: 83.253826 | W16: 85.714164 | X16: 87.594485 | Y16: 87.881933 | Z16: 89.765552 | AA16: 83.322556 | AB16: 87.138286 | AC16: 83.52348 | AD16: 85.484432 | AE16: 82.614325 | AF16: 87.999943 | AG16: 84.880075 | AH16: 93.47829 | AI16: 95.316215 | AJ16: 85.161313
... A36: 46235 | B36: 111.35027 | C36: 118.94572 | D36: 121.64982 | E36: 116.13213 | F36: 117.74261 | G36: 115.17557 | H36: 116.30125 | I36: 106.43483 | J36: 119.1513 | K36: 115.35113 | L36: 119.285 | M36: 135.49645 | N36: 123.50955 | O36: 118.36141 | P36: 120.91567 | Q36: 117.70367 | R36: 114.73956 | S36: 124.99141 | T36: 102.80317 | U36: 121.24378 | V36: 115.34747 | W36: 132.15934 | X36: 112.62785 | Y36: 121.32645 | Z36: 127.21419 | AA36: 119.22291 | AB36: 120.40294 | AC36: 127.58644 | AD36: 113.75604 | AE36: 108.9831 | AF36: 129.63058 | AG36: 118.2211 | AH36: 109.49098 | AI36: 109.94121 | AJ36: 117.95771
A37: 46266
A38: 46296
A39: 46327
A40: 46357
